--tipo aspirante
INSERT INTO tipoaspirante(id_tipoaspirante, nombre_tipoaspirante)
    VALUES (1, 'Estudiante'), (2, 'Docente'), (3, 'Administrativo');

--departamentos
INSERT INTO depto
			(id_depto
			,nom_depto)
	VALUES
			(01,'AHUACHAPAN'),
			(02,'SANTA ANA'),
			(03,'SONSONATE'),
			(04,'CHALATENANGO'),
			(05,'LA LIBERTAD'),
			(06,'SAN SALVADOR'),
			(07,'CUSCATLAN'),
			(08,'LA PAZ'),
			(09,'CABAÑAS'),
			(10,'SAN VICENTE'),
			(11,'USULUTAN'),
			(12,'SAN MIGUEL'),
			(13,'MORAZAN'),
			(14,'LA UNION');
--municipios
INSERT INTO municipio
			(id_depto
			,id_municipio
			,nom_municipio)
	VALUES
			(01,01,'AHUACHAPAN'),  
			(01,02,'APANECA'),  
			(01,03,'ATIQUIZAYA'),  
			(01,04,'CONCEPCION DE ATACO'), 
			(01,05,'EL REFUGIO'),  
			(01,06,'GUAYMANGO'),  
			(01,07,'JUJUTLA'),	   
			(01,08,'SAN FRANCISCO MENENDEZ'), 
			(01,09,'SAN LORENZO'),  
			(01,10,'SAN PEDRO PUXTLA'),  
			(01,11,'TACUBA'),  
			(01,12,'TURIN'),
			(02,01,'CANDELARIA DE LA FRONTERA'),  
			(02,02,'COATEPEQUE'), 
			(02,03,'CHALCHUAPA' ),
			(02,04,'EL CONGO'),
			(02,05,'EL PORVENIR'),
			(02,06,'MASAHUAT'),
			(02,07,'METAPAN'),
			(02,08,'SAN ANTONIO PAJONAL'),
			(02,09,'SAN SEBASTIAN SALITRILLO'),
			(02,10,'SANTA ANA'),
			(02,11,'STA ROSA GUACHI'),
			(02,12,'STGO D LA FRONT'),
			(02,13,'TEXISTEPEQUE'),
			(03,01,'ACAJUTLA'),
			(03,02,'ARMENIA'),
			(03,03,'CALUCO'),
			(03,04,'CUISNAHUAT'),
			(03,05,'STA I ISHUATAN'),
			(03,06,'IZALCO'),  
			(03,07,'JUAYUA'),  
			(03,08,'NAHUIZALCO'),  
			(03,09,'NAHULINGO'),  
			(03,10,'SALCOATITAN'),  
			(03,11,'SAN ANTONIO DEL MONTE'), 
			(03,12,'SAN JULIAN '),  
			(03,13,'STA C MASAHUAT'),  
			(03,14,'SANTO DOMINGO GUZMAN'), 
			(03,15,'SONSONATE'),  
			(03,16,'SONZACATE'),  
			(04,01,'AGUA CALIENTE'),  
			(04,02,'ARCATAO'),  
			(04,03,'AZACUALPA'),  
			(04,04,'CITALA'),  
			(04,05,'COMALAPA'),  
			(04,06,'CONCEPCION QUEZALTEPEQUE'), 
			(04,07,'CHALATENANGO'),  
			(04,08,'DULCE NOM MARIA'),  
			(04,09,'EL CARRIZAL'),  
			(04,10,'EL PARAISO'),  
			(04,11,'LA LAGUNA'),  
			(04,12,'LA PALMA'),  
			(04,13,'LA REINA'),  
			(04,14,'LAS VUELTAS'),  
			(04,15,'NOMBRE DE JESUS'),  
			(04,16,'NVA CONCEPCION'),  
			(04,17,'NUEVA TRINIDAD'),  
			(04,18,'OJOS DE AGUA'),  
			(04,19,'POTONICO'),  
			(04,20,'SAN ANT LA CRUZ'),  
			(04,21,'SAN ANT RANCHOS'),  
			(04,22,'SAN FERNANDO'),  
			(04,23,'SAN FRANCISCO LEMPA'), 
			(04,24,'SAN FRANCISCO MORAZAN'), 
			(04,25,'SAN IGNACIO'),  
			(04,26,'SAN I LABRADOR'),  
			(04,27,'SAN J CANCASQUE'),  
			(04,28,'SAN JOSE FLORES'),  
			(04,29,'SAN LUIS CARMEN'),  
			(04,30,'SN MIG MERCEDES'),  
			(04,31,'SAN RAFAEL'),  
			(04,32,'SANTA RITA'),  
			(04,33,'TEJUTLA'),  
			(05,01,'ANTGO CUSCATLAN'),  
			(05,02,'CIUDAD ARCE'),  
			(05,03,'COLON'),  
			(05,04,'COMASAGUA'),  
			(05,05,'CHILTIUPAN'),  
			(05,06,'HUIZUCAR'),  
			(05,07,'JAYAQUE'),  
			(05,08,'JICALAPA'),  
			(05,09,'LA LIBERTAD'),  
			(05,10,'NUEVO CUSCATLAN'),  
			(05,11,'SANTA TECLA'),
			(05,12,'QUEZALTEPEQUE'),  
			(05,13,'SACACOYO'),  
			(05,14,'SN J VILLANUEVA'),  
			(05,15,'SAN JUAN OPICO'),  
			(05,16,'SAN MATIAS'),  
			(05,17,'SAN P TACACHICO'),  
			(05,18,'TAMANIQUE'),  
			(05,19,'TALNIQUE'),  
			(05,20,'TEOTEPEQUE'),  
			(05,21,'TEPECOYO'),  
			(05,22,'ZARAGOZA'),  
			(06,01,'AGUILARES'),  
			(06,02,'APOPA'),  
			(06,03,'AYUTUXTEPEQUE'),  
			(06,04,'CUSCATANCINGO'),  
			(06,05,'EL PAISNAL'),  
			(06,06,'GUAZAPA'),  
			(06,07,'ILOPANGO'),  
			(06,08,'MEJICANOS'),  
			(06,09,'NEJAPA'),  
			(06,10,'PANCHIMALCO'),  
			(06,11,'ROSARIO DE MORA'),  
			(06,12,'SAN MARCOS'),  
			(06,13,'SAN MARTIN'),  
			(06,14,'SAN SALVADOR'),  
			(06,15,'STG TEXACUANGOS'),  
			(06,16,'SANTO TOMAS'),  
			(06,17,'SOYAPANGO'),  
			(06,18,'TONACATEPEQUE'),  
			(06,19,'CIUDAD DELGADO'),  
			(07,01,'CANDELARIA'),  
			(07,02,'COJUTEPEQUE'),  
			(07,03,'EL CARMEN'),  
			(07,04,'EL ROSARIO'),  
			(07,05,'MONTE SAN JUAN'),  
			(07,06,'ORAT CONCEPCION'),  
			(07,07,'SAN B PERULAPIA'),  
			(07,08,'SAN CRISTOBAL'),  
			(07,09,'SAN J GUAYABAL'),  
			(07,10,'SAN P PERULAPAN'),  
			(07,11,'SAN RAF CEDROS'),  
			(07,12,'SAN RAMON'),  
			(07,13,'STA C ANALQUITO'),  
			(07,14,'STA C MICHAPA'),  
			(07,15,'SUCHITOTO'),  
			(07,16,'TENANCINGO'),  
			(08,01,'CUYULTITAN'),  
			(08,02,'ROSARIO LA PAZ'),  
			(08,03,'JERUSALEN'),  
			(08,04,'MERCED LA CEIBA'),  
			(08,05,'OLOCUILTA'),  
			(08,06,'PARAISO OSORIO'),  
			(08,07,'SN ANT MASAHUAT'),  
			(08,08,'SAN EMIGDIO'),  
			(08,09,'SN FCO CHINAMEC'),  
			(08,10,'SAN JUAN NONUALCO'),  
			(08,11,'SAN JUAN TALPA'),  
			(08,12,'SAN JUAN TEPEZONTES'), 
			(08,13,'SAN LUIS TALPA'),  
			(08,14,'SAN MIGUEL TEPEZONTES'), 
			(08,15,'SAN PEDRO MASAHUAT'), 
			(08,16,'SAN PEDRO NONUALCO'), 
			(08,17,'SAN R OBRAJUELO'),  
			(08,18,'STA MA OSTUMA'),  
			(08,19,'STGO NONUALCO'),  
			(08,20,'TAPALHUACA'),  
			(08,21,'ZACATECOLUCA'),  
			(08,22,'SN LUIS LA HERR'),  
			(09,01,'CINQUERA'),  
			(09,02,'GUACOTECTI '),  
			(09,03,'ILOBASCO '),  
			(09,04,'JUTIAPA'),  
			(09,05,'SAN ISIDRO'),  
			(09,06,'SENSUNTEPEQUE'),  
			(09,07,'TEJUTEPEQUE'),  
			(09,08,'VICTORIA'),  
			(09,09,'DOLORES'),
			(10,01,'APASTEPEQUE'),  
			(10,02,'GUADALUPE'),  
			(10,03,'SAN CAY ISTEPEQ'),  
			(10,04,'SANTA CLARA'),  
			(10,05,'SANTO DOMINGO'),  
			(10,06,'SN EST CATARINA'),  
			(10,07,'SAN ILDEFONSO'),  
			(10,08,'SAN LORENZO'),  
			(10,09,'SAN SEBASTIAN'),  
			(10,10,'SAN VICENTE'),  
			(10,11,'TECOLUCA'),  
			(10,12,'TEPETITAN'),  
			(10,13,'VERAPAZ'),  
			(11,01,'ALEGRIA'),  
			(11,02,'BERLIN'),  
			(11,03,'CALIFORNIA'),  
			(11,04,'CONCEP BATRES'),  
			(11,05,'EL TRIUNFO'),  
			(11,06,'EREGUAYQUIN'),  
			(11,07,'ESTANZUELAS'),  
			(11,08,'JIQUILISCO'),  
			(11,09,'JUCUAPA'),  
			(11,10,'JUCUARAN'),  
			(11,11,'MERCEDES UMAÑA'),  
			(11,12,'NUEVA GRANADA'),  
			(11,13,'OZATLAN'),  
			(11,14,'PTO EL TRIUNFO'),  
			(11,15,'SAN AGUSTIN'),  
			(11,16,'SN BUENAVENTURA'),  
			(11,17,'SAN DIONISIO'),  
			(11,18,'SANTA ELENA'),  
			(11,19,'SAN FCO JAVIER'),  
			(11,20,'SANTA MARIA'),  
			(11,21,'STGO DE MARIA'),  
			(11,22,'TECAPAN'),  
			(11,23,'USULUTAN'),  
			(12,01,'CAROLINA'),  
			(12,02,'CIUDAD BARRIOS'),  
			(12,03,'COMACARAN'),  
			(12,04,'CHAPELTIQUE'),  
			(12,05,'CHINAMECA'),  
			(12,06,'CHIRILAGUA'),  
			(12,07,'EL TRANSITO'),  
			(12,08,'LOLOTIQUE'),  
			(12,09,'MONCAGUA'),  
			(12,10,'NUEVA GUADALUPE'),  
			(12,11,'NVO EDEN S JUAN'),  
			(12,12,'QUELEPA'),  
			(12,13,'SAN ANT D MOSCO'),  
			(12,14,'SAN GERARDO'),  
			(12,15,'SAN JORGE'),  
			(12,16,'SAN LUIS REINA'),  
			(12,17,'SAN MIGUEL'),  
			(12,18,'SAN RAF ORIENTE'),  
			(12,19,'SESORI'),  
			(12,20,'ULUAZAPA'),  
			(13,01,'ARAMBALA'),  
			(13,02,'CACAOPERA'),  
			(13,03,'CORINTO'),  
			(13,04,'CHILANGA'),  
			(13,05,'DELIC DE CONCEP'),  
			(13,06,'EL DIVISADERO'),  
			(13,07,'EL ROSARIO'),  
			(13,08,'GUALOCOCTI'),  
			(13,09,'GUATAJIAGUA'),  
			(13,10,'JOATECA'),  
			(13,11,'JOCOAITIQUE'),  
			(13,12,'JOCORO'),  
			(13,13,'LOLOTIQUILLO'),  
			(13,14,'MEANGUERA'),  
			(13,15,'OSICALA'),  
			(13,16,'PERQUIN'),  
			(13,17,'SAN CARLOS'),  
			(13,18,'SAN FERNANDO'),  
			(13,19,'SAN FCO GOTERA'),  
			(13,20,'SAN ISIDRO'),  
			(13,21,'SAN SIMON'),  
			(13,22,'SENSEMBRA'),  
			(13,23,'SOCIEDAD'),  
			(13,24,'TOROLA'),  
			(13,25,'YAMABAL'),  
			(13,26,'YOLOAIQUIN'),  
			(14,01,'ANAMOROS'),  
			(14,02,'BOLIVAR'),  
			(14,03,'CONCEP DE OTE'),  
			(14,04,'CONCHAGUA'),  
			(14,05,'EL CARMEN'),  
			(14,06,'EL SAUCE'),  
			(14,07,'INTIPUCA'),  
			(14,08,'LA UNION'),  
			(14,09,'LISLIQUE'),  
			(14,10,'MEANG DEL GOLFO'),  
			(14,11,'NUEVA ESPARTA'),  
			(14,12,'PASAQUINA'),  
			(14,13,'POLOROS'),  
			(14,14,'SAN ALEJO'),  
			(14,15,'SAN JOSE'),  
			(14,16,'SANTA ROSA LIMA'),  
			(14,17,'YAYANTIQUE'),  
			(14,18,'YUCUAIQUIN'); 

--facultades
INSERT INTO facultad
			(id_facultad
			,nombre_facultad)
	VALUES
			(01,'JURISPRUDENCIA Y CIENCIAS SOCIALES'),
			(02,'CIENCIAS ECONÓMICAS'),
 			(03,'CIENCIAS Y HUMANIDADES'),
			(04,'CIENCIAS AGRONÓMICAS'),
			(05,'INGENIERÍA Y ARQUITECTURA'),
			(06,'CIENCIAS NATURALES Y MATEMÁTICA'),
			(07,'MEDICINA'),
			(08,'ODONTOLOGÍA'),
			(09,'QUÍMICA Y FARMACIA'),
			(10,'MULTIDISCIPLINARIA DE OCCIDENTE'),
			(11,'MULTIDISCIPLINARIA PARACENTRAL'),
			(12,'MULTIDISCIPLINARIA DE ORIENTE'),
			(13,'ADMINISTRATIVOS');



--titulos
INSERT INTO titulos
			(nombre_titulo)
	VALUES
			('Doctorado'),
			('Maestría'),
			('Ingeniería'),
			('Licenciatura'),
			('Profesorado');

--comisiones de becas de cada facultad
INSERT INTO comision_facultad
			(id_comision
			,id_facultad
			,nombre_comision
			,correo)
	VALUES
			('CBJC',01,'JURISPRUDENCIA Y CIENCIAS SOCIALES','og04013@ues.edu.sv'),
			('CBCE',02,'CIENCIAS ECONÓMICAS','og04013@ues.edu.sv'),
			('CBCH',03,'CIENCIAS Y HUMANIDADES','og04013@ues.edu.sv'),
			('CBCA',04,'CIENCIAS AGRONÓMICAS','og04013@ues.edu.sv'),
			('CBIA',05,'INGENIERÍA Y ARQUITECTURA','og04013@ues.edu.sv'),
			('CBCN',06,'CIENCIAS NATURALES Y MATEMÁTICA','og04013@ues.edu.sv'),
			('CBME',07,'MEDICINA','og04013@ues.edu.sv'),
			('CBOD',08,'ODONTOLOGÍA','og04013@ues.edu.sv'),
			('CBQF',09,'QUÍMICA Y FARMACIA','og04013@ues.edu.sv'),
			('CBM1',10,'MULTIDISCIPLINARIA DE OCCIDENTE','og04013@ues.edu.sv'),
			('CBM2',11,'MULTIDISCIPLINARIA PARACENTRAL','og04013@ues.edu.sv'),
			('CBM3',12,'MULTIDISCIPLINARIA DE ORIENTE','og04013@ues.edu.sv'),
			('CBAD',13,'ADMINISTRATIVOS','og04013@ues.edu.sv');


--carreras
INSERT INTO carreras
			(id_facultad
			,id_carrera
			,nombre_carrera)
     VALUES
			(1,101,'Licenciatura en Ciencias Jurídicas'),
			(1,102,'Licenciatura en Relaciones Internacionales'),
			(1,103,'Maestría en Relaciones Internacionales'),
			(2,201,'Licenciatura en Administración de Empresas'),
			(2,202,'Licenciatura en Contaduría Pública'),
			(2,203,'Licenciatura en Economía'),
			(2,204,'Licenciatura en Mercadeo Internacional'),
			(2,205,'Maestría en Administración de Empresas'),
			(2,206,'Maestría en Administración Financiera'),
			(3,301,'Curso de Formación Pedagógica para Profesionales'),
			(3,302,'Licenciatura en Filosofía'),
			(3,303,'Licenciatura en Filosofía'),
			(3,304,'Licenciatura en Sociología'),
			(3,305,'Licenciatura en Psicología'),
			(3,306,'Licenciatura en Letras'),
			(3,307,'Licenciatura en Periodismo'),
			(3,308,'Licenciatura en Idioma Inglés'),
			(3,309,'Licenciatura en Idioma Inglés (enseñanza)'),
			(3,310,'Licenciatura en Lenguas Modernas (francés e inglés)'),
			(3,311,'Licenciatura en Educación (servicio alternativo)'),
			(3,312,'Licenciatura en Educación'),
			(3,313,'Licenciatura en Educación (educación física)'),
			(3,314,'Licenciatura en Artes Plásticas'),
			(3,315,'Licenciatura en Historia'),
			(3,316,'Licenciatura en Trabajo Social'),
			(3,317,'Licenciatura en Antropología Sociocultural'),
			(3,318,'Maestria en Derechos Humanos y Educación para la Paz'),
			(3,319,'Maestria en Métodos y Técnicas de Investigación Social'),
			(3,320,'Maestría en Traducción (inglés-español / español-inglés)'),
			(3,321,'Maestría en Didáctica y Formación del Profesorado'),
			(3,322,'Maestría en Didáctica para la Formación Docente'),
			(3,323,'Maestria en Formación para la Docencia Universitaria'),
			(3,324,'Profesorado en Educación Parvularia'),
			(3,325,'Profesorado en Educación Básica (primero y segundo ciclos)'),
			(3,326,'Profesorado en Educación Media (enseñanza del inglés)'),
			(3,327,'Profesorado en Lenguaje y Literatura (tercer c iclo)'),
			(3,328,'Profesorado en Idioma Inglés (tercer ciclo)'),
			(3,329,'Profesorado en Ciencias Sociales (tercer ciclo)'),
			(3,330,'Técnico en Bibliotecología'),
			(4,401,'Ingeniería Agronómica'),
			(4,402,'Licenciatura en Medicina Veterinaria y Zootecnia'),
			(4,403,'Maestría en Gestión Integral del Agua'),
			(5,501,'Arquitectura'),
			(5,502,'Ingeniería Civil'),
			(5,503,'Ingeniería Industrial'),
			(5,504,'Ingeniería Mecánica'),
			(5,505,'Ingeniería Eléctrica'),
			(5,506,'Ingeniería Química'),
			(5,507,'Ingeniería de Alimentos'),
			(5,508,'Ingeniería en Sistemas Informáticos'),
			(5,509,'Maestría en Gestión de Recursos Hidrológicos'),
			(6,601,'Licenciatura en Geofísica'),
			(6,602,'Licenciatura en Biología'),
			(6,603,'Licenciatura en Física'),
			(6,604,'Licenciatura en Matemática'),
			(6,605,'Licenciatura en Estadística'),
			(6,606,'Licenciatura en Ciencias Químicas'),
			(6,607,'Licenciatura en Física'),
			(6,608,'Licenciatura en Biología'),
			(6,609,'Maestría en Didáctica de la Matemática'),
			(6,610,'Maestría en Química'),
			(6,611,'Maestría en Física'),
			(6,612,'Maestría en Gestión Ambiental'),
			(6,613,'Manejo Sustentable de los Recursos Naturales Continentales'),
			(6,614,'Profesorado en Ciencias Naturales (tercer ciclo y bachillerato)'),
			(6,615,'Profesorado en Educación Media (enseñanza de la biología)'),
			(6,616,'Profesorado en Matemática (tercer ciclo y bachillerato)'),
			(7,701,'Doctorado en Medicina'),
			(7,702,'Licenciatura en Laboratorio Clínico'),
			(7,703,'Licenciatura en Anestesiología e Inhaloterapia'),
			(7,704,'Licenciatura en Radiología e Imágenes'),
			(7,705,'Licenciatura en Nutrición'),
			(7,706,'Licenciatura en Educación para la Salud'),
			(7,707,'Licenciatura en Ecotecnología'),
			(7,708,'Licenciatura en Salud Materno Infantil'),
			(7,709,'Licenciatura en Fisioterapia y Terapia Ocupacional'),
			(7,710,'Licenciatura en Salud Ambiental'),
			(7,711,'Licenciatura en Enfermería'),
			(7,712,'Maestría en Salud Pública'),
			(7,713,'Maestría en Servicios Integrales de Salud Sexual y Reproductiva'),
			(7,714,'Maestría en Educación'),
			(7,715,'Tecnología en Anestesiología'),
			(7,716,'Tecnología en Radiología'),
			(7,717,'Tecnología en Fisioterapia'),
			(7,718,'Técnico en Laboratorio Clínico'),
			(8,801,'Doctorado en Cirugía Dental'),
			(9,901,'Licenciatura en Química y Farmacia'),
			(10,1001,'Arquitectura'),
			(10,1002,'Doctorado en Medicina'),
			(10,1003,'Curso de Formación Pedagógica para Profesionales'),
			(10,1004,'Ingeniería Civil'),
			(10,1005,'Ingeniería Industrial'),
			(10,1006,'Ingeniería Mecánica'),
			(10,1007,'Ingeniería Eléctrica'),
			(10,1008,'Ingeniería Química'),
			(10,1009,'Ingeniería de Sistemas Informáticas'),
			(10,1010,'Licenciatura en Ciencias Jurídicas'),
			(10,1011,'Licenciatura en Educación (primero y segundo ciclos)'),
			(10,1012,'Licenciatura en Educación (primero y segundo ciclos)'),
			(10,1013,'Licenciatura en Sociología'),
			(10,1014,'Licenciatura en Psicología'),
			(10,1015,'Licenciatura en Letras'),
			(10,1016,'Licenciatura en Idioma Inglés (enseñanza)'),
			(10,1017,'Licenciatura en Educación (inglés)'),
			(10,1018,'Licenciatura en Ciencias del Lenguaje y la Literatura'),
			(10,1019,'Licenciatura en Educación (ciencias naturales)'),
			(10,1020,'Licenciatura en Educación (matemética)'),
			(10,1021,'Licenciatura en Educación (servicio alternativo)'),
			(10,1022,'Licenciatura en Educación (lenguaje y literatura)'),
			(10,1023,'Licenciatura en Educación (ciencias sociales)'),
			(10,1024,'Licenciatura en Química y Farmacia'),
			(10,1025,'Licenciatura en Contaduría Pública'),
			(10,1026,'Licenciatura en Administración de Empresas'),
			(10,1027,'Licenciatura en Mercadeo Internacional'),
			(10,1028,'Licenciatura en Biología'),
			(10,1029,'Licenciatura en Estadística'),
			(10,1030,'Licenciatura en Ciencias Químicas'),
			(10,1031,'Maestrái en Profesionalización de la Docencia Superior'),
			(10,1032,'Maestría en Métodos y Técnicas de Investigación Social'),
			(10,1033,'Maestría en Administración Financiera'),
			(10,1034,'Profesorado en Educación Básica (primero y segundo ciclos)'),
			(10,1035,'Profesorado en Lenguaje y Literatura (primero y segundo ciclos)'),
			(10,1036,'Profesorado en Idioma Inglés (tercer ciclo y bachillerato)'),
			(10,1037,'Profesorado en Ciencias Sociales (tercer ciclo y bachillerato)'),
			(10,1038,'Profesorado en Ciencias Naturales (tercer ciclo y bachillerato)'),
			(10,1039,'Profesorado en Matemática (tercer ciclo y bachillerato)'),
			(11,1101,'Ingeniería Agronómica'),
			(11,1102,'Ingeniería de Sistemas Informáticos'),
			(11,1103,'Licenciatura en Educación (ciencias sociales)'),
			(11,1104,'Licenciatura en Contaduría Pública'),
			(11,1105,'Profesorado en Educación Parvularia'),
			(11,1106,'Profesorado en Educación Básica (primero y segundo ciclos)'),
			(11,1107,'Profesorado en Ciencias Sociales (tercer ciclo)'),
			(11,1108,'Profesorado en Ciencias Naturales (tercer ciclo y bachillerato)'),
			(11,1109,'Profesorado en Matemática (tercer ciclo y bachillerato)'),
			(11,1110,'Profesorado en Educación Media (biología)'),
			(12,1201,'Arquitectura'),
			(12,1202,'Curso de Formación Pedagógica para Profesionales'),
			(12,1203,'Doctorado en Medicina'),
			(12,1204,'Ingeniería Agronómica'),
			(12,1205,'Ingeniería Civil'),
			(12,1206,'Ingeniería Industrial'),
			(12,1207,'Ingeniería Mecánica'),
			(12,1208,'Ingeniería Eléctrica'),
			(12,1209,'Licenciatura en Laboratorio Clínico'),
			(12,1210,'Licenciatura en Anestesiología e Inhaloterapia'),
			(12,1211,'Licenciatura en Fisioterapia y Terapia Ocupacional'),
			(12,1212,'Licenciatura en Ciencias Jurídicas'),
			(12,1213,'Licenciatura en Educación (educación básica)'),
			(12,1214,'Licenciatura en Sociología'),
			(12,1215,'Licenciatura en Psicología'),
			(12,1216,'Licenciatura en Letras'),
			(12,1217,'Licenciatura en Educación'),
			(12,1218,'Licenciatura en Química y Farmacia'),
			(12,1219,'Licenciatura en Economía'),
			(12,1220,'Licenciatura en Contaduría Pública'),
			(12,1221,'Licenciatura en Administración de Empresas'),
			(12,1222,'Licenciatura en Matemática'),
			(12,1223,'Licenciatura en Estadística'),
			(12,1224,'Licenciatura en Ciencias Químicas'),
			(12,1225,'Licenciatura en Física'),
			(12,1226,'Licenciatura en Biología'),
			(12,1227,'Profesorado en Educación Parvularia'),
			(12,1228,'Profesorado en Educación Básica (primero y segundo ciclos)'),
			(12,1229,'Profesorado en Lenguaje y Literatura (tercer ciclo y bachillerato)'),
			(12,1230,'Profesorado en Idioma Inglés (tercer ciclo y bachillerato)'),
			(12,1231,'Profesorado en Ciencias Sociales (tercer ciclo y bachillerato)'),
			(12,1232,'Profesorado en Ciencias Naturales (tercer ciclo y bachillerato)'),
			(12,1233,'Profesorado en Matemática (tercer ciclo y bachillerato)');

--consejo de becas
INSERT INTO consejo_becas
			(coordinador_actual
			,correo)
	VALUES
			('MSc. IRMA ESTRADA MENÉNDEZ','og04013@ues.edu.sv');	

--países anfitriones de becas
INSERT INTO pais
			(nombre_pais)
	VALUES
			('COSTA RICA'),
			('NICARAGUA'),
			('GUATEMALA'),
			('ESTADOS UNIDOS'),
			('ESPAÑA'),
			('JAPÓN'),
			('TAIWAN'),
			('INDIA'),
			('ARGENTINA'),
			('CHILE'),
			('ITALIA');

--área de interes
INSERT INTO area_interes
			(id_area
			,nombre_area)
	VALUES
			('CA','CIENCIAS AGRONÓMICAS'),
			('CE','CIENCIAS ECONÓMICAS'),
 			('CH','CIENCIAS Y HUMANIDADES'),
			('CN','CIENCIAS NATURALES Y MATEMÁTICA'),
			('IA','INGENIERÍA Y ARQUITECTURA'),
			('JC','JURISPRUDENCIA Y CIENCIAS SOCIALES'),
			('ME','MEDICINA'),
			('OD','ODONTOLOGÍA'),
			('QF','QUÍMICA Y FARMACIA');

--fuente de cooperación
INSERT INTO fuente_cooperacion
			(id_pais
			,nombre_fuente)
	VALUES
			(05,'BANCAJA'),
			(09,'REPÚBLICA DE ARGENTINA'),
			(10,'UNIVERSIDAD DE CHILE'),
			(11,'UNIVERSIDAD DE BOLONIA'),
			(06,'GOBIERNO DE JAPÓN'),
			(07,'GOBIERNO DE TAIWAN'),
			(04,'UNIVERSIDAD DE ILLINOIS');

--instituciones anfitrionas de becas
INSERT INTO institucion
			(id_pais
			,id_fuente
			,nombre_institucion)
	VALUES
			(01,01,'Universidad Nacional de Costa Rica'),
			(02,01,'Universidad Nacional Autónoma de Nicaragua'),
			(03,01,'Universidad de San Carlos'),
			(04,07,'Universidad de Illinois'),
			(05,01,'Universidad Santiago de Compostela'),
			(06,05,'Universidad Nacional de Yokohama'),
			(05,01,'Universidad de Barcelona'),
			(01,01,'Universidad de Costa Rica Campus "Rodrigo Facio"'),
			(05,01,'Universidad de la Laguna, Tenerife'),
			(05,01,'Universidad Complutense de Madrid'),
			(09,02,'Facultad Latinoamericana de Ciencias Sociales'),
			(04,07,'Universidad de Illinois, Sourthern'),
			(04,07,'Universidad de Illinois, Chicago'),
			(05,01,'Universidad Internacional de Cataluña'),
			(05,01,'Universidad Autónoma de Madrid'),
			(05,01,'Universidad de Valencia'),
			(07,06,'Nacional Pintung University of Science and technology'),
			(07,06,'National Chengehi University'),
			(07,06,'National Tsing Hua University'),
			(07,06,'National Taiwan Normal University'),
			(07,06,'National Yang Min University'),
			(07,06,'National Taiwan Ocean University'),
			(07,06,'National Central University'),
			(07,06,'Kun Shan University of Technology'),
			(07,06,'National Sun Yat-Sen University'),
			(07,06,'Yuan Ze University'),
			(07,06,'National Taipei College of Nursing'),
			(07,06,'National Taiwan University'),
			(07,06,'National Cheng Kung University'),
			(07,06,'Ming Chuan University'),
			(07,06,'Kaohsiung Medical University'),
			(07,06,'Taipei Medical University'),
			(08,06,'National Institute of Micro Small and Medium Enterprises'),
			(09,02,'Universidad de Buenos Aires'),
			(10,03,'Universidad de Chile'),
			(11,04,'Universidad de Bolonia');

--estado_becario}
INSERT INTO estado_becario
			(estado
			,descripcion)
	VALUES
			(1,'ACTIVO'),
			(2,'COMPROMISO CONTRATUAL'),
			(3,'INACTIVO, EN PROCESO DE ESTUDIO PARA LIBERACIÓN DE CONTRATO'),
			(4,'INACTIVO, LIBERADO DEL CONTRATO');

--beca
INSERT INTO beca
			(id_institucion
			,id_coordinador
			,id_area
			,nombre_beca
			,befecha_inicio
			,befecha_fin
			,tipo_beca
			,area_aplicacion
			,fecha_ingreso
			,estado)
	VALUES 
			(18,1,'IA','MAESTRIA EN ROBOTICA','01/09/2010','06/08/2012',3,'ELECTRICA','03/08/2010',3),
			(25,1,'JC','MAESTRIA EN LEGISLACION COMERCIAL GLOBAL','08/08/2011','18/10/2011',1,'CIENCIAS SOCIALES','11/07/2011',3),
			(27,1,'ME','DOCTORADO EN PSIQUITRIA','30/05/2010','15/07/2010',2,'MEDICINA','15/05/2010',3),
			(31,1,'IA','MAESTRIA EN DISEÑOS MODERNOS ARQUITECTONICOS','28/08/2011','02/11/2011',3,'INGENIERIA','03/08/2011',3),
			(4,1,'CA','MAESTRIA EN ANIMALES EXOTICOS','12/07/2011','23/08/2011',1,'AGRONOMIA','27/06/2011',3),
			(28,1,'ME','MAESTRIA EN ANESTECIOLOGIA','19/04/2011','05/07/2011',2,'MEDICINA','04/04/2011',3),
			(27,1,'ME','DOCTORADO EN ORTOPEDIA','17/04/2011','05/06/2011',3,'ORTOPEDIA','02/04/2011',3),
			(5,1,'CE','MAESTRIA EN INTELIGENCIA DE NEGOCIOS','22/08/2011','27/10/2011',1,'ECONOMIA','30/07/2011',3),
			(34,1,'CN','MAESTRIA EN MEDIO AMBIENTE','21/06/2011','02/09/2011',2,'CIENCIAS NATURALES','24/05/2011',3),
			(7,1,'CN','MAESTRIA EN CIENCIAS DEL MAR','22/07/2011','16/10/2011',3,'CIENCIAS NATURALES','30/06/2011',3),
			(18,1,'IA','MAESTRIA EN PROCESOS DE MANUFACTURA','25/08/2011','19/11/2011',1,'INDUSTRIAL','29/07/2011',3),
			(21,1,'CN','MAESTRIA EN TERREMOTOS','29/05/2010','02/08/2010',2,'CIENCIAS NATURALES','08/05/2010',3),
			(12,1,'CH','MAESTRIA EN HISTORIA MUNDIAL','04/10/2010','13/12/2010',3,'CIENCIAS SOCIALES','09/09/2010',3),
			(26,1,'ME','DOCTORADO EN GINECOLOGIA','01/12/2011','06/02/2012',1,'MEDICINA','08/11/2011',3),
			(17,1,'IA','MAESTRIA EN PROGRAMACION','24/05/2010','13/07/2010',2,'INFORMATICA','07/05/2010',3),
			(32,1,'CH','MAESTRIA EN ARQUEOLOGIA','19/12/2010','28/02/2011',3,'ARQUEOLOGIA','29/11/2010',3),
			(31,1,'ME','MAESTRIA EN ENFERMEDADES CONTAGIOSAS','15/02/2011','04/04/2011',1,'MEDICINA','31/01/2011',3),
			(30,1,'ME','DOCTORADO EN UROLOGIA','13/02/2011','04/05/2011',2,'MEDICINA','22/01/2011',3),
			(29,1,'ME','DOCTORADO EN OFTANMOLOGIA','15/09/2010','15/11/2010',3,'MEDICINA','16/08/2010',3),
			(29,1,'ME','DOCTORADO EN NEUROSIS','02/11/2011','25/01/2012',3,'NEUROLOGIA','15/10/2011',3),
			(31,1,'OD','DOCTORADO EN ORTODONCIA','01/09/2011','04/11/2011',2,'ORTODONCIA','03/08/2011',2),
			(27,1,'ME','MAESTRIA EN SALUD MATERNO INFANTIL','31/12/2010','23/03/2011',3,'MATERNIDAD','08/12/2010',2),
			(5,1,'CE','MAESTRIA EN ECONOMIA','01/10/2011','24/12/2011',1,'ECONOMIA','14/09/2011',2),
			(10,1,'CH','MAESTRIA EN LENGUAS MODERNAS','18/01/2011','05/04/2011',2,'IDIOMAS','31/12/2010',2),
			(34,1,'QF','MAESTRIA EN QUIMICA CLINICA','21/03/2010','18/06/2010',3,'FARMACOLOGIA','19/02/2010',2),
			(30,1,'OD','DOCTORADO EN PROTESIS DENTAL','22/06/2011','11/08/2011',1,'ODONTOLOGIA ESTETICA','02/06/2011',2),
			(13,1,'CN','MAESTRIA EN ESTADISTICA','23/03/2011','06/05/2011',2,'ESTADISTICA','07/03/2011',2),
			(17,1,'IA','MAESTRIA EN MECANICA DE AVIACION','29/08/2011','03/10/2011',3,'MECANICA','14/08/2011',2),
			(6,1,'CE','MAESTRIA EN GESTION EMPRESARIAL','09/12/2011','25/01/2012',1,'ADMINISTRACION DE EMPRESAS','17/11/2011',2),
			(8,1,'CE','MAESTRIA EN FINANZAS PUBLICAS','14/04/2010','26/05/2010',2,'FINANZAS','29/03/2010',2),
			(15,1,'CN','MAESTRIA EN FISICA CUANTICA','15/08/2011','03/10/2011',3,'CIENCIAS NATURALES','31/07/2011',2),
			(27,1,'ME','DOCTORADO EN NUTRICION','20/05/2011','31/07/2011',1,'NUTRICION','21/04/2011',2),
			(24,1,'JC','DOCTORADO EN DERECHO CONSTITUCIONAL','29/06/2011','09/09/2011',2,'DERECHO','01/06/2011',2),
			(18,1,'IA','MAESTRIA EN INTELIGENCIA ARTIFICIAL','22/05/2011','06/08/2011',3,'INFORMATICA','29/04/2011',2),
			(8,1,'CE','MAESTRIA EN ECONOMIA GLOBAL','12/02/2011','05/05/2011',1,'ECONOMIA','21/01/2011',2),
			(33,1,'OD','DOCTORADO EN CIRUGIA DENTAL ESTETICA','27/04/2011','19/06/2011',2,'ODONTOLOGIA','29/03/2011',2),
			(31,1,'OD','DOCTORADO EN ODONTOLOGIA DEL ANCIANO','11/05/2011','06/07/2011',3,'ODONTOLOGIA','18/04/2011',2),
			(28,1,'ME','DOCTORADO EN DERMATOLOGIA','20/06/2011','07/09/2011',1,'DERMATOLOGIA','29/05/2011',2),
			(32,1,'OD','DOCTORADO EN ODONTOPATOLOGIA','19/03/2010','17/05/2010',2,'ODONTOLOGIA','18/02/2010',2),
			(26,1,'ME','DOCTORADO EN ENDOCRINOLOGIA','14/01/2012','03/04/2012',3,'ENDOCRINOLOGIA','22/12/2011',2),
			(24,1,'JC','DOCTORADO EN DERECHO','11/03/2011','22/04/2011',1,'DERECHO','23/02/2011',2),
			(8,1,'CE','MAESTRIA EN ADMINISTRACION FINANCIERA','06/03/2011','14/04/2011',2,'ECONOMIA','05/02/2011',2),
			(34,1,'QF','MAESTRIA EN FARMACOS NATURALES','15/11/2011','19/01/2012',3,'FARMACOLOGIA','19/10/2011',2),
			(34,1,'QF','MAESTRIA EN FISICO-QUIMICA','25/05/2011','17/07/2011',1,'QUIMICA','01/05/2011',2),
			(4,1,'CA','MAESTRIA EN AVICULTURA','20/05/2011','26/06/2011',2,'AGRONOMIA','26/04/2011',2),
			(32,1,'OD','DOCTORADO EN PROTESIS PERMANENTE','17/08/2011','07/11/2011',3,'ODONTOLOGIA','20/07/2011',2),
			(7,1,'CE','MAESTRIA EN SUPERIOR EN ECONOMIA','31/05/2011','15/08/2011',1,'ECONOMIA','02/05/2011',2),
			(25,1,'JC','MAESTRIA EN LEGISLACION GUBERNAMENTAL','07/12/2010','11/02/2011',2,'CIENCIAS SOCIALES','11/11/2010',2),
			(31,1,'IA','MAESTRIA EN INTELIGENCIA ARTIFICIAL','27/10/2010','31/12/2010',3,'INFORMATICA','06/10/2010',2),
			(8,1,'CE','MAESTRIA EN SEGURIDAD ECONOMICA','08/10/2010','27/11/2010',1,'ECONOMIA','15/09/2010',2),
			(14,1,'QF','MAESTRIA EN FICION QUIMICA','13/02/2011','08/04/2011',2,'QUIMICA','28/01/2011',2),
			(28,1,'ME','MAESTRIA EN CIENCIAS DE LA SALUD','03/05/2011','05/06/2011',1,'ENFERMERIA','16/04/2011',1),
			(22,1,'JC','MAESTRIA EN DERECHO INTERNACIONAL','13/02/2011','01/05/2011',1,'RELACIONES INTERNACIONALES','29/01/2011',1),
			(8,1,'CE','MAESTRIA EN MARKETING','20/11/2010','20/01/2011',2,'MERCADEO','31/10/2010',1),
			(22,1,'JC','MAESTRIA EN LEGISLACION GLOBAL','17/06/2011','08/09/2011',3,'DERECHO','26/05/2011',1),
			(34,1,'QF','MAESTRIA EN CIENCIAS QUIMICAS','29/05/2011','23/08/2011',1,'QUIMICA','08/05/2011',1),
			(16,1,'CN','MAESTRIA EN MATEMATICA','07/11/2011','23/12/2011',2,'MATEMATICA','16/10/2011',1),
			(14,1,'QF','MAESTRIA EN CIENCIAS DE LOS MATERIALES','27/05/2011','17/07/2011',3,'QUIMICA','11/05/2011',1),
			(10,1,'CH','MAESTRIA EN PERIODISMO DIGITAL','03/02/2011','10/03/2011',1,'PERIODISMO','09/01/2011',1),
			(11,1,'CH','MAESTRIA EN PSICOANLISIS','18/06/2011','14/08/2011',2,'PSICOLOGIA','25/05/2011',1),
			(17,1,'IA','MAESTRIA EN DESARROLLO DE SISTEMAS','16/06/2010','24/07/2010',3,'INFORMATICA','24/05/2010',1),
			(24,1,'JC','MAESTRIA EN DERECHO MERCANTIL GLOBAL','02/07/2011','05/08/2011',1,'DERECHO','07/06/2011',1),
			(17,1,'IA','MAESTRIA EN REDES DE COMUNICACIONES','23/12/2011','17/03/2012',2,'INFORMATICA','26/11/2011',1),
			(14,1,'QF','MAESTRIA EN CIENCIAS DEL MAR Y LIMNOLOGIA','02/08/2011','04/09/2011',3,'QUIMICA','10/07/2011',1),
			(2,1,'CA','MAESTRIA EN CULTIVOS AGROINDUSTRIALES','28/10/2010','25/12/2010',1,'AGRONOMIA','06/10/2010',1),
			(33,1,'OD','DOCTORADO EN CIRUGIA MAXILOFACIAL','02/09/2010','26/10/2010',2,'ODONTOLOGIA','07/08/2010',1),
			(14,1,'QF','MAESTRIA EN COMPUESTOS QUIMICOS','21/01/2012','26/02/2012',3,'QUIMICA','03/01/2012',1),
			(26,1,'ME','DOCTORADO EN PEDIATRIA','16/04/2010','21/06/2010',1,'PEDRIATRIA','22/03/2010',1),
			(12,1,'CH','MAESTRIA EN INGLES','09/06/2010','29/07/2010',2,'IDIOMAS','18/05/2010',1),
			(31,1,'OD','DOCTORADO EN ODONTOPEDIATRIA','09/11/2010','31/12/2010',3,'ODONTOLIGIA PARA NIÑOS','19/10/2010',1),
			(32,1,'OD','DOCTORADO EN CIRUGIA DENTAL','04/05/2011','22/07/2011',1,'ODONTOLOGIA','09/04/2011',1),
			(14,1,'QF','MAESTRIA EN MEDICAMENTOS ALERGENICOS','13/07/2010','10/09/2010',2,'FARMACOLOGIA','28/06/2010',1),
			(2,1,'CA','MAESTRIA EN VETERINARIA','09/07/2011','20/09/2011',3,'VETERINARIA','11/06/2011',1),
			(27,1,'ME','DOCTORADO EN CARDIOLOGIA','03/04/2011','15/06/2011',1,'CARDIOLOGIA','05/03/2011',1),
			(20,1,'IA','MAESTRIA EN RECURSOS HIDRICOS','29/12/2011','13/03/2012',2,'INGENIERIA CIVIL','03/12/2011',1),
			(35,1,'QF','DOCTORADO EN BIOELEMENTOS','06/02/2011','07/04/2011',3,'QUIMICA','13/01/2011',1),
			(26,1,'ME','MAESTRIA EN SALUD SEXUAL Y REPRODUCTIVA','11/04/2010','05/07/2010',1,'SEXUALIDAD','20/03/2010',1),
			(21,1,'IA','DOCTORADO EN SISTEMAS DE POTENCIA','16/01/2012','02/03/2012',2,'ING. ELECTRICA','18/12/2011',1),
			(3,1,'CA','DOCTORADO EN CULTIVOS NATURALES','07/01/2011','22/02/2011',3,'AGRONOMIA','18/12/2010',1),
			(7,1,'CE','MAESTRIA EN FINANZAS','07/07/2011','07/09/2011',1,'FINANZAS','08/06/2011',1),
			(17,1,'IA','MAESTRIA EN ESTRUCTURAS','20/01/2012','24/02/2012',2,'ING. CIVIL','30/12/2011',1),
			(11,1,'CH','MAESTRIA EN SOCIOLOGIA','27/01/2011','19/03/2011',3,'CIENCIAS SOCIALES','10/01/2011',1),
			(14,1,'QF','MAESTRIA EN CIENCIAS FARMACEUTICAS','20/04/2011','16/07/2011',1,'FARMACOLOGIA','05/04/2011',1),
			(25,1,'JC','MAESTRIAS EN POLITICAS PUBLICAS','23/04/2011','15/06/2011',2,'CIENCIAS SOCIALES','26/03/2011',1),
			(29,1,'ME','MAESTRIA EN RADIOLOGIA','21/10/2011','20/12/2011',3,'RADIOLOGIA','24/09/2011',1),
			(2,1,'CA','MAESTRIA EN ACUICULTURA','17/04/2010','24/05/2010',1,'AGRONOMIA','28/03/2010',1),
			(14,1,'CN','DOCTORADO EN FISICA','19/03/2010','05/06/2010',2,'CIENCIAS NATURALES','19/02/2010',1),
			(13,1,'CN','DOCTORADO EN QUIMICA','29/09/2010','21/11/2010',3,'CIENCIAS NATURALES','31/08/2010',1),
			(36,1,'QF','MAESTRIA EN QUIMICA ANALITICA','20/07/2010','15/09/2010',1,'QUIMICA','05/07/2010',1),
			(20,1,'IA','MAESTRIA EN QUIMICA MOLECULAR','28/10/2011','31/12/2011',2,'QUIMICA','12/10/2011',1);


--requisitos de becas
INSERT INTO requisito_beca
			(id_beca
			,edad_beca
			,nivel_experiencia
			,cupo
			,idioma_beca
			,nivel_idioma_requerido)
	VALUES
			(1,25,0,3,'Aleman','Intermedio'),
			(2,28,0,5,'Ingles','Avanzado'),
			(3,30,1,9,'Japones','Intermedio'),
			(4,35,1,7,'Japones','Basico'),
			(5,25,0,9,'Japones','Avanzado'),
			(6,28,1,2,'Japones','Basico'),
			(7,30,1,5,'Aleman','Basico'),
			(8,35,0,10,'Español','Avanzado'),
			(9,25,0,10,'Ingles','Avanzado'),
			(10,28,0,7,'Español','Basico'),
			(11,30,0,6,'Japones','Basico'),
			(12,35,1,2,'Español','Intermedio'),
			(13,25,1,8,'Aleman','Intermedio'),
			(14,28,1,9,'Japones','Basico'),
			(15,30,0,5,'Ingles','Basico'),
			(16,35,0,10,'Japones','Basico'),
			(17,25,0,2,'Mandari','Avanzado'),
			(18,28,0,1,'Japones','Basico'),
			(19,30,1,9,'Japones','Intermedio'),
			(20,35,1,5,'Aleman','Avanzado'),
			(21,25,0,3,'Japones','Intermedio'),
			(22,28,1,7,'Ingles','Intermedio'),
			(23,30,0,2,'Japones','Avanzado'),
			(24,35,0,10,'Japones','Avanzado'),
			(25,25,0,1,'Aleman','Avanzado'),
			(26,28,1,3,'Aleman','Intermedio'),
			(27,30,1,9,'Aleman','Intermedio'),
			(28,35,0,7,'Ingles','Intermedio'),
			(29,25,1,7,'Japones','Intermedio'),
			(30,28,1,3,'Español','Intermedio'),
			(31,30,1,8,'Español','Intermedio'),
			(32,35,1,4,'Japones','Avanzado'),
			(33,25,0,10,'Japones','Intermedio'),
			(34,28,1,3,'Japones','Basico'),
			(35,30,1,5,'Aleman','Basico'),
			(36,35,0,3,'Español','Avanzado'),
			(37,25,0,1,'Aleman','Avanzado'),
			(38,28,1,10,'Español','Avanzado'),
			(39,30,1,3,'Japones','Intermedio'),
			(40,35,1,3,'Aleman','Avanzado'),
			(41,25,1,3,'Español','Avanzado'),
			(42,28,1,3,'Español','Avanzado'),
			(43,30,0,3,'Ingles','Intermedio'),
			(44,25,1,3,'Ingles','Intermedio'),
			(45,28,0,3,'Ingles','Intermedio'),
			(46,30,0,3,'Español','Avanzado'),
			(47,35,0,3,'Español','Avanzado'),
			(48,25,1,3,'Español','Avanzado'),
			(49,28,0,3,'Español','Avanzado'),
			(50,30,1,3,'Español','Avanzado'),
			(51,35,1,3,'Español','Avanzado'),
			(52,25,0,3,'Español','Avanzado'),
			(53,28,1,3,'Aleman','Avanzado'),
			(54,30,0,3,'Aleman','Avanzado'),
			(55,35,1,3,'Ingles','Intermedio'),
			(56,25,0,3,'Ingles','Intermedio'),
			(57,25,0,3,'Ingles','Intermedio'),
			(58,28,0,3,'Aleman','Avanzado'),
			(59,30,0,3,'Aleman','Avanzado'),
			(60,35,0,3,'Aleman','Avanzado'),
			(61,25,1,3,'Ingles','Basico'),
			(62,25,0,3,'Ingles','Basico'),
			(63,28,0,3,'Ingles','Basico'),
			(64,30,1,3,'Ingles','Basico'),
			(65,35,0,3,'Ingles','Avanzado'),
			(66,25,0,3,'Español','Avanzado'),
			(67,30,0,3,'Español','Avanzado'),
			(68,35,0,3,'Ingles','Avanzado'),
			(69,25,1,3,'Ingles','Avanzado'),
			(70,30,1,3,'Español','Avanzado'),
			(71,35,0,3,'Ingles','Avanzado'),
			(72,25,0,3,'Español','Avanzado'),
			(73,30,0,3,'Español','Avanzado'),
			(74,35,0,3,'Ingles','Avanzado'),
			(75,25,1,3,'Ingles','Avanzado'),
			(76,30,0,3,'Aleman','Avanzado'),
			(77,35,0,3,'Ingles','Avanzado'),
			(78,30,0,3,'Aleman','Avanzado'),
			(79,35,1,3,'Ingles','Avanzado'),
			(80,30,0,3,'Ingles','Avanzado'),
			(81,35,0,3,'Ingles','Avanzado'),
			(82,25,1,3,'Ingles','Avanzado'),
			(83,25,0,3,'Aleman','Avanzado'),
			(84,28,1,3,'Ingles','Avanzado'),
			(85,30,0,3,'Ingles','Avanzado'),
			(86,35,0,3,'Aleman','Avanzado'),
			(87,25,1,3,'Ingles','Basico'),
			(88,28,1,3,'Ingles','Avanzado'),
			(89,30,0,3,'Ingles','Basico'),
			(90,35,0,3,'Ingles','Basico');
