/*==============================================================*/
/* DBMS name:      MySQL 5.0                                    */
/* Created on:     03/06/2011 01:46:09 a.m.                     */
/*==============================================================*/

/*==============================================================*/
/* Database: HR		                                            */
/*==============================================================*/

drop DATABASE if exists HR;
-- -------------------------------------------------------------------------------------
create DATABASE HR default character set UTF8 collate UTF8_GENERAL_CI;
use HR;

/*==============================================================*/
/* Table: COUNTRIES                                             */
/*==============================================================*/
create table COUNTRIES
(
   COUNTRY_ID           char(2) 			not null,
   REGION_ID            numeric				null,
   COUNTRY_NAME         varchar(40)			null,
   primary key (COUNTRY_ID)
);

/*==============================================================*/
/* Table: DEPARTMENTS                                           */
/*==============================================================*/
create table DEPARTMENTS
(
   DEPARTMENT_ID        numeric(4)           not null,
   LOCATION_ID          numeric(4)           null,
   DEPARTMENT_NAME      varchar(30)          not null,
   MANAGER_ID           numeric(6)           null,
   primary key (DEPARTMENT_ID)
);

/*==============================================================*/
/* Table: EMPLOYEES                                             */
/*==============================================================*/
create table EMPLOYEES
(
   EMPLOYEE_ID          numeric(6)           not null,
   JOB_ID               varchar(10)          not null,
   DEPARTMENT_ID        numeric(4)           null,
   MANAGER_ID           numeric(6)           null,
   FIRST_NAME           varchar(20)          null,
   LAST_NAME            varchar(25)          not null,
   EMAIL                varchar(25)          not null,
   PHONE_NUMBER         varchar(20)          null,
   HIRE_DATE            date             not null,
   SALARY               numeric(8,2)         null,
   COMMISSION_PCT       numeric(2,2)         null,
   primary key (EMPLOYEE_ID)
);

/*==============================================================*/
/* Table: JOBS                                                  */
/*==============================================================*/
create table JOBS
(
   JOB_ID               varchar(10)          not null,
   JOB_TITLE            varchar(35)          not null,
   MIN_SALARY           numeric(6)           null,
   MAX_SALARY           numeric(6)           null,
   primary key (JOB_ID)
);

/*==============================================================*/
/* Table: JOB_HISTORY                                           */
/*==============================================================*/
create table JOB_HISTORY
(
   EMPLOYEE_ID          numeric(6)           not null,
   START_DATE           date             not null,
   END_DATE             date             not null,
   JOB_ID               varchar(10)          not null,
   DEPARTMENT_ID        numeric(4)           null,
   primary key (EMPLOYEE_ID, START_DATE)
);

/*==============================================================*/
/* Table: LOCATIONS                                             */
/*==============================================================*/
create table LOCATIONS
(
   LOCATION_ID          numeric(4)           not null,
   COUNTRY_ID           char(2)              null,
   STREET_ADDRESS       varchar(40)          null,
   POSTAL_CODE          varchar(12)          null,
   CITY                 varchar(30)          not null,
   STATE_PROVINCE       varchar(25)          null,
   primary key (LOCATION_ID)
);

/*==============================================================*/
/* Table: REGIONS                                               */
/*==============================================================*/
create table REGIONS
(
   REGION_ID            numeric              not null,
   REGION_NAME          varchar(25)          null,
   primary key (REGION_ID)
);

Insert into JOBS (JOB_ID, JOB_TITLE, MIN_SALARY, MAX_SALARY) Values  ('AD_PRES', 'President', 20000, 40000);
Insert into JOBS (JOB_ID, JOB_TITLE, MIN_SALARY, MAX_SALARY) Values  ('AD_VP', 'Administration Vice President', 15000, 30000);
Insert into JOBS (JOB_ID, JOB_TITLE, MIN_SALARY, MAX_SALARY) Values  ('AD_ASST', 'Administration Assistant', 3000, 6000);
Insert into JOBS (JOB_ID, JOB_TITLE, MIN_SALARY, MAX_SALARY) Values  ('FI_MGR', 'Finance Manager', 8200, 16000);
Insert into JOBS (JOB_ID, JOB_TITLE, MIN_SALARY, MAX_SALARY) Values  ('FI_ACCOUNT', 'Accountant', 4200, 9000);
Insert into JOBS (JOB_ID, JOB_TITLE, MIN_SALARY, MAX_SALARY) Values  ('AC_MGR', 'Accounting Manager', 8200, 16000);
Insert into JOBS (JOB_ID, JOB_TITLE, MIN_SALARY, MAX_SALARY) Values  ('AC_ACCOUNT', 'Public Accountant', 4200, 9000);
Insert into JOBS (JOB_ID, JOB_TITLE, MIN_SALARY, MAX_SALARY) Values  ('SA_MAN', 'Sales Manager', 10000, 20000);
Insert into JOBS (JOB_ID, JOB_TITLE, MIN_SALARY, MAX_SALARY) Values  ('SA_REP', 'Sales Representative', 6000, 12000);
Insert into JOBS (JOB_ID, JOB_TITLE, MIN_SALARY, MAX_SALARY) Values  ('PU_MAN', 'Purchasing Manager', 8000, 15000);
Insert into JOBS (JOB_ID, JOB_TITLE, MIN_SALARY, MAX_SALARY) Values  ('PU_CLERK', 'Purchasing Clerk', 2500, 5500);
Insert into JOBS (JOB_ID, JOB_TITLE, MIN_SALARY, MAX_SALARY) Values  ('ST_MAN', 'Stock Manager', 5500, 8500);
Insert into JOBS (JOB_ID, JOB_TITLE, MIN_SALARY, MAX_SALARY) Values  ('ST_CLERK', 'Stock Clerk', 2000, 5000);
Insert into JOBS (JOB_ID, JOB_TITLE, MIN_SALARY, MAX_SALARY) Values  ('SH_CLERK', 'Shipping Clerk', 2500, 5500);
Insert into JOBS (JOB_ID, JOB_TITLE, MIN_SALARY, MAX_SALARY) Values  ('IT_PROG', 'Programmer', 4000, 10000);
Insert into JOBS (JOB_ID, JOB_TITLE, MIN_SALARY, MAX_SALARY) Values  ('MK_MAN', 'Marketing Manager', 9000, 15000);
Insert into JOBS (JOB_ID, JOB_TITLE, MIN_SALARY, MAX_SALARY) Values  ('MK_REP', 'Marketing Representative', 4000, 9000);
Insert into JOBS (JOB_ID, JOB_TITLE, MIN_SALARY, MAX_SALARY) Values  ('HR_REP', 'Human Resources Representative', 4000, 9000);
Insert into JOBS (JOB_ID, JOB_TITLE, MIN_SALARY, MAX_SALARY) Values  ('PR_REP', 'Public Relations Representative', 4500, 10500);

Insert into REGIONS  (REGION_ID, REGION_NAME) Values (1, 'Europe');
Insert into REGIONS  (REGION_ID, REGION_NAME) Values (2, 'Americas');
Insert into REGIONS  (REGION_ID, REGION_NAME) Values (3, 'Asia');
Insert into REGIONS  (REGION_ID, REGION_NAME) Values (4, 'Middle East and Africa');

Insert into COUNTRIES (COUNTRY_ID, COUNTRY_NAME, REGION_ID) Values  ('AR', 'Argentina', 2);
Insert into COUNTRIES (COUNTRY_ID, COUNTRY_NAME, REGION_ID) Values  ('AU', 'Australia', 3);
Insert into COUNTRIES (COUNTRY_ID, COUNTRY_NAME, REGION_ID) Values  ('BE', 'Belgium', 1);
Insert into COUNTRIES (COUNTRY_ID, COUNTRY_NAME, REGION_ID) Values  ('BR', 'Brazil', 2);
Insert into COUNTRIES (COUNTRY_ID, COUNTRY_NAME, REGION_ID) Values  ('CA', 'Canada', 2);
Insert into COUNTRIES (COUNTRY_ID, COUNTRY_NAME, REGION_ID) Values  ('CH', 'Switzerland', 1);
Insert into COUNTRIES (COUNTRY_ID, COUNTRY_NAME, REGION_ID) Values  ('CN', 'China', 3);
Insert into COUNTRIES (COUNTRY_ID, COUNTRY_NAME, REGION_ID) Values  ('DE', 'Germany', 1);
Insert into COUNTRIES (COUNTRY_ID, COUNTRY_NAME, REGION_ID) Values  ('DK', 'Denmark', 1);
Insert into COUNTRIES (COUNTRY_ID, COUNTRY_NAME, REGION_ID) Values  ('EG', 'Egypt', 4);
Insert into COUNTRIES (COUNTRY_ID, COUNTRY_NAME, REGION_ID) Values  ('FR', 'France', 1);
Insert into COUNTRIES (COUNTRY_ID, COUNTRY_NAME, REGION_ID) Values  ('HK', 'HongKong', 3);
Insert into COUNTRIES (COUNTRY_ID, COUNTRY_NAME, REGION_ID) Values  ('IL', 'Israel', 4);
Insert into COUNTRIES (COUNTRY_ID, COUNTRY_NAME, REGION_ID) Values  ('IN', 'India', 3);
Insert into COUNTRIES (COUNTRY_ID, COUNTRY_NAME, REGION_ID) Values  ('IT', 'Italy', 1);
Insert into COUNTRIES (COUNTRY_ID, COUNTRY_NAME, REGION_ID) Values  ('JP', 'Japan', 3);
Insert into COUNTRIES (COUNTRY_ID, COUNTRY_NAME, REGION_ID) Values  ('KW', 'Kuwait', 4);
Insert into COUNTRIES (COUNTRY_ID, COUNTRY_NAME, REGION_ID) Values  ('MX', 'Mexico', 2);
Insert into COUNTRIES (COUNTRY_ID, COUNTRY_NAME, REGION_ID) Values  ('NG', 'Nigeria', 4);
Insert into COUNTRIES (COUNTRY_ID, COUNTRY_NAME, REGION_ID) Values  ('NL', 'Netherlands', 1);
Insert into COUNTRIES (COUNTRY_ID, COUNTRY_NAME, REGION_ID) Values  ('SG', 'Singapore', 3);
Insert into COUNTRIES (COUNTRY_ID, COUNTRY_NAME, REGION_ID) Values  ('UK', 'United Kingdom', 1);
Insert into COUNTRIES (COUNTRY_ID, COUNTRY_NAME, REGION_ID) Values  ('US', 'United States of America', 2);
Insert into COUNTRIES (COUNTRY_ID, COUNTRY_NAME, REGION_ID) Values  ('ZM', 'Zambia', 4);
Insert into COUNTRIES (COUNTRY_ID, COUNTRY_NAME, REGION_ID) Values  ('ZW', 'Zimbabwe', 4);

Insert into LOCATIONS (LOCATION_ID, STREET_ADDRESS, POSTAL_CODE, CITY, STATE_PROVINCE, COUNTRY_ID) Values (1000, '1297 Via Cola di Rie', '00989', 'Roma', NULL, 'IT');
Insert into LOCATIONS (LOCATION_ID, STREET_ADDRESS, POSTAL_CODE, CITY, STATE_PROVINCE, COUNTRY_ID) Values (1100, '93091 Calle della Testa', '10934', 'Venice', NULL, 'IT');
Insert into LOCATIONS (LOCATION_ID, STREET_ADDRESS, POSTAL_CODE, CITY, STATE_PROVINCE, COUNTRY_ID) Values (1200, '2017 Shinjuku-ku', '1689', 'Tokyo', 'Tokyo Prefecture', 'JP');
Insert into LOCATIONS (LOCATION_ID, STREET_ADDRESS, POSTAL_CODE, CITY, STATE_PROVINCE, COUNTRY_ID) Values (1300, '9450 Kamiya-cho', '6823', 'Hiroshima', NULL, 'JP');
Insert into LOCATIONS (LOCATION_ID, STREET_ADDRESS, POSTAL_CODE, CITY, STATE_PROVINCE, COUNTRY_ID) Values (1400, '2014 Jabberwocky Rd', '26192', 'Southlake', 'Texas', 'US');
Insert into LOCATIONS (LOCATION_ID, STREET_ADDRESS, POSTAL_CODE, CITY, STATE_PROVINCE, COUNTRY_ID) Values (1500, '2011 Interiors Blvd', '99236', 'South San Francisco', 'California', 'US');
Insert into LOCATIONS (LOCATION_ID, STREET_ADDRESS, POSTAL_CODE, CITY, STATE_PROVINCE, COUNTRY_ID) Values (1600, '2007 Zagora St', '50090', 'South Brunswick', 'New Jersey', 'US');
Insert into LOCATIONS (LOCATION_ID, STREET_ADDRESS, POSTAL_CODE, CITY, STATE_PROVINCE, COUNTRY_ID) Values (1700, '2004 Charade Rd', '98199', 'Seattle', 'Washington', 'US');
Insert into LOCATIONS (LOCATION_ID, STREET_ADDRESS, POSTAL_CODE, CITY, STATE_PROVINCE, COUNTRY_ID) Values (1800, '147 Spadina Ave', 'M5V 2L7', 'Toronto', 'Ontario', 'CA');
Insert into LOCATIONS (LOCATION_ID, STREET_ADDRESS, POSTAL_CODE, CITY, STATE_PROVINCE, COUNTRY_ID) Values (1900, '6092 Boxwood St', 'YSW 9T2', 'Whitehorse', 'Yukon', 'CA');
Insert into LOCATIONS (LOCATION_ID, STREET_ADDRESS, POSTAL_CODE, CITY, STATE_PROVINCE, COUNTRY_ID) Values (2000, '40-5-12 Laogianggen', '190518', 'Beijing', NULL, 'CN');
Insert into LOCATIONS (LOCATION_ID, STREET_ADDRESS, POSTAL_CODE, CITY, STATE_PROVINCE, COUNTRY_ID) Values (2100, '1298 Vileparle (E)', '490231', 'Bombay', 'Maharashtra', 'IN');
Insert into LOCATIONS (LOCATION_ID, STREET_ADDRESS, POSTAL_CODE, CITY, STATE_PROVINCE, COUNTRY_ID) Values (2200, '12-98 Victoria Street', '2901', 'Sydney', 'New South Wales', 'AU');
Insert into LOCATIONS (LOCATION_ID, STREET_ADDRESS, POSTAL_CODE, CITY, STATE_PROVINCE, COUNTRY_ID) Values (2300, '198 Clementi North', '540198', 'Singapore', NULL, 'SG');
Insert into LOCATIONS (LOCATION_ID, STREET_ADDRESS, POSTAL_CODE, CITY, STATE_PROVINCE, COUNTRY_ID) Values (2400, '8204 Arthur St', NULL, 'London', NULL, 'UK');
Insert into LOCATIONS (LOCATION_ID, STREET_ADDRESS, POSTAL_CODE, CITY, STATE_PROVINCE, COUNTRY_ID) Values (2500, 'Magdalen Centre, The Oxford Science Park', 'OX9 9ZB', 'Oxford', 'Oxford', 'UK');
Insert into LOCATIONS (LOCATION_ID, STREET_ADDRESS, POSTAL_CODE, CITY, STATE_PROVINCE, COUNTRY_ID) Values (2600, '9702 Chester Road', '09629850293', 'Stretford', 'Manchester', 'UK');
Insert into LOCATIONS (LOCATION_ID, STREET_ADDRESS, POSTAL_CODE, CITY, STATE_PROVINCE, COUNTRY_ID) Values (2700, 'Schwanthalerstr. 7031', '80925', 'Munich', 'Bavaria', 'DE');
Insert into LOCATIONS (LOCATION_ID, STREET_ADDRESS, POSTAL_CODE, CITY, STATE_PROVINCE, COUNTRY_ID) Values (2800, 'Rua Frei Caneca 1360 ', '01307-002', 'Sao Paulo', 'Sao Paulo', 'BR');
Insert into LOCATIONS (LOCATION_ID, STREET_ADDRESS, POSTAL_CODE, CITY, STATE_PROVINCE, COUNTRY_ID) Values (2900, '20 Rue des Corps-Saints', '1730', 'Geneva', 'Geneve', 'CH');
Insert into LOCATIONS (LOCATION_ID, STREET_ADDRESS, POSTAL_CODE, CITY, STATE_PROVINCE, COUNTRY_ID) Values (3000, 'Murtenstrasse 921', '3095', 'Bern', 'BE', 'CH');
Insert into LOCATIONS (LOCATION_ID, STREET_ADDRESS, POSTAL_CODE, CITY, STATE_PROVINCE, COUNTRY_ID) Values (3100, 'Pieter Breughelstraat 837', '3029SK', 'Utrecht', 'Utrecht', 'NL');
Insert into LOCATIONS (LOCATION_ID, STREET_ADDRESS, POSTAL_CODE, CITY, STATE_PROVINCE, COUNTRY_ID) Values (3200, 'Mariano Escobedo 9991', '11932', 'Mexico City', 'Distrito Federal,', 'MX');

Insert into DEPARTMENTS   (DEPARTMENT_ID, DEPARTMENT_NAME, MANAGER_ID, LOCATION_ID) Values (10, 'Administration', 200, 1700);
Insert into DEPARTMENTS   (DEPARTMENT_ID, DEPARTMENT_NAME, MANAGER_ID, LOCATION_ID) Values (20, 'Marketing', 201, 1800);
Insert into DEPARTMENTS   (DEPARTMENT_ID, DEPARTMENT_NAME, MANAGER_ID, LOCATION_ID) Values (30, 'Purchasing', 114, 1700);
Insert into DEPARTMENTS   (DEPARTMENT_ID, DEPARTMENT_NAME, MANAGER_ID, LOCATION_ID) Values (40, 'Human Resources', 203, 2400);
Insert into DEPARTMENTS   (DEPARTMENT_ID, DEPARTMENT_NAME, MANAGER_ID, LOCATION_ID) Values (50, 'Shipping', 121, 1500);
Insert into DEPARTMENTS   (DEPARTMENT_ID, DEPARTMENT_NAME, MANAGER_ID, LOCATION_ID) Values (60, 'IT', 103, 1400);
Insert into DEPARTMENTS   (DEPARTMENT_ID, DEPARTMENT_NAME, MANAGER_ID, LOCATION_ID) Values (70, 'Public Relations', 204, 2700);
Insert into DEPARTMENTS   (DEPARTMENT_ID, DEPARTMENT_NAME, MANAGER_ID, LOCATION_ID) Values (80, 'Sales', 145, 2500);
Insert into DEPARTMENTS   (DEPARTMENT_ID, DEPARTMENT_NAME, MANAGER_ID, LOCATION_ID) Values (90, 'Executive', 100, 1700);
Insert into DEPARTMENTS   (DEPARTMENT_ID, DEPARTMENT_NAME, MANAGER_ID, LOCATION_ID) Values (100, 'Finance', 108, 1700);
Insert into DEPARTMENTS   (DEPARTMENT_ID, DEPARTMENT_NAME, MANAGER_ID, LOCATION_ID) Values (110, 'Accounting', 205, 1700);
Insert into DEPARTMENTS   (DEPARTMENT_ID, DEPARTMENT_NAME, MANAGER_ID, LOCATION_ID) Values (120, 'Treasury', NULL, 1700);
Insert into DEPARTMENTS   (DEPARTMENT_ID, DEPARTMENT_NAME, MANAGER_ID, LOCATION_ID) Values (130, 'Corporate Tax', NULL, 1700);
Insert into DEPARTMENTS   (DEPARTMENT_ID, DEPARTMENT_NAME, MANAGER_ID, LOCATION_ID) Values (140, 'Control And Credit', NULL, 1700);
Insert into DEPARTMENTS   (DEPARTMENT_ID, DEPARTMENT_NAME, MANAGER_ID, LOCATION_ID) Values (150, 'Shareholder Services', NULL, 1700);
Insert into DEPARTMENTS   (DEPARTMENT_ID, DEPARTMENT_NAME, MANAGER_ID, LOCATION_ID) Values (160, 'Benefits', NULL, 1700);
Insert into DEPARTMENTS   (DEPARTMENT_ID, DEPARTMENT_NAME, MANAGER_ID, LOCATION_ID) Values (170, 'Manufacturing', NULL, 1700);
Insert into DEPARTMENTS   (DEPARTMENT_ID, DEPARTMENT_NAME, MANAGER_ID, LOCATION_ID) Values (180, 'Construction', NULL, 1700);
Insert into DEPARTMENTS   (DEPARTMENT_ID, DEPARTMENT_NAME, MANAGER_ID, LOCATION_ID) Values (190, 'Contracting', NULL, 1700);
Insert into DEPARTMENTS   (DEPARTMENT_ID, DEPARTMENT_NAME, MANAGER_ID, LOCATION_ID) Values (200, 'Operations', NULL, 1700);
Insert into DEPARTMENTS   (DEPARTMENT_ID, DEPARTMENT_NAME, MANAGER_ID, LOCATION_ID) Values (210, 'IT Support', NULL, 1700);
Insert into DEPARTMENTS   (DEPARTMENT_ID, DEPARTMENT_NAME, MANAGER_ID, LOCATION_ID) Values (220, 'NOC', NULL, 1700);
Insert into DEPARTMENTS   (DEPARTMENT_ID, DEPARTMENT_NAME, MANAGER_ID, LOCATION_ID) Values (230, 'IT Helpdesk', NULL, 1700);
Insert into DEPARTMENTS   (DEPARTMENT_ID, DEPARTMENT_NAME, MANAGER_ID, LOCATION_ID) Values (240, 'Government Sales', NULL, 1700);
Insert into DEPARTMENTS   (DEPARTMENT_ID, DEPARTMENT_NAME, MANAGER_ID, LOCATION_ID) Values (250, 'Retail Sales', NULL, 1700);
Insert into DEPARTMENTS   (DEPARTMENT_ID, DEPARTMENT_NAME, MANAGER_ID, LOCATION_ID) Values (260, 'Recruiting', NULL, 1700);
Insert into DEPARTMENTS   (DEPARTMENT_ID, DEPARTMENT_NAME, MANAGER_ID, LOCATION_ID) Values (270, 'Payroll', NULL, 1700);

INSERT INTO EMPLOYEES (EMPLOYEE_ID, JOB_ID, DEPARTMENT_ID, MANAGER_ID, FIRST_NAME, LAST_NAME, EMAIL, PHONE_NUMBER, HIRE_DATE, SALARY, COMMISSION_PCT) VALUES(100, 'AD_PRES', 90, NULL, 'Steven', 'King', 'SKING', '515.123.4567', '1998-01-10', 24000.00, NULL);
INSERT INTO EMPLOYEES (EMPLOYEE_ID, JOB_ID, DEPARTMENT_ID, MANAGER_ID, FIRST_NAME, LAST_NAME, EMAIL, PHONE_NUMBER, HIRE_DATE, SALARY, COMMISSION_PCT) VALUES(101, 'AD_VP', 90, 100, 'Neena', 'Kochhar', 'NKOCHHAR', '515.123.4568', '1992-05-09', 17000.00, NULL);
INSERT INTO EMPLOYEES (EMPLOYEE_ID, JOB_ID, DEPARTMENT_ID, MANAGER_ID, FIRST_NAME, LAST_NAME, EMAIL, PHONE_NUMBER, HIRE_DATE, SALARY, COMMISSION_PCT) VALUES(102, 'AD_VP', 90, 100, 'Lex', 'De Haan', 'LDEHAAN', '515.123.4569', '1995-03-06', 17000.00, NULL);
INSERT INTO EMPLOYEES (EMPLOYEE_ID, JOB_ID, DEPARTMENT_ID, MANAGER_ID, FIRST_NAME, LAST_NAME, EMAIL, PHONE_NUMBER, HIRE_DATE, SALARY, COMMISSION_PCT) VALUES(103, 'IT_PROG', 60, 102, 'Alexander', 'Hunold', 'AHUNOLD', '590.423.4567', '1992-03-08', 9000.00, NULL);
INSERT INTO EMPLOYEES (EMPLOYEE_ID, JOB_ID, DEPARTMENT_ID, MANAGER_ID, FIRST_NAME, LAST_NAME, EMAIL, PHONE_NUMBER, HIRE_DATE, SALARY, COMMISSION_PCT) VALUES(104, 'IT_PROG', 60, 103, 'Bruce', 'Ernst', 'BERNST', '590.423.4568', '1991-11-07', 6000.00, NULL);
INSERT INTO EMPLOYEES (EMPLOYEE_ID, JOB_ID, DEPARTMENT_ID, MANAGER_ID, FIRST_NAME, LAST_NAME, EMAIL, PHONE_NUMBER, HIRE_DATE, SALARY, COMMISSION_PCT) VALUES(105, 'IT_PROG', 60, 103, 'David', 'Austin', 'DAUSTIN', '590.423.4569', '1991-09-10', 4800.00, NULL);
INSERT INTO EMPLOYEES (EMPLOYEE_ID, JOB_ID, DEPARTMENT_ID, MANAGER_ID, FIRST_NAME, LAST_NAME, EMAIL, PHONE_NUMBER, HIRE_DATE, SALARY, COMMISSION_PCT) VALUES(106, 'IT_PROG', 60, 103, 'Valli', 'Pataballa', 'VPATABAL', '590.423.4560', '2001-03-08', 4800.00, NULL);
INSERT INTO EMPLOYEES (EMPLOYEE_ID, JOB_ID, DEPARTMENT_ID, MANAGER_ID, FIRST_NAME, LAST_NAME, EMAIL, PHONE_NUMBER, HIRE_DATE, SALARY, COMMISSION_PCT) VALUES(107, 'IT_PROG', 60, 103, 'Diana', 'Lorentz', 'DLORENTZ', '590.423.5567', '1998-05-11', 4200.00, NULL);
INSERT INTO EMPLOYEES (EMPLOYEE_ID, JOB_ID, DEPARTMENT_ID, MANAGER_ID, FIRST_NAME, LAST_NAME, EMAIL, PHONE_NUMBER, HIRE_DATE, SALARY, COMMISSION_PCT) VALUES(108, 'FI_MGR', 100, 101, 'Nancy', 'Greenberg', 'NGREENBE', '515.124.4569', '1990-07-09', 12000.00, NULL);
INSERT INTO EMPLOYEES (EMPLOYEE_ID, JOB_ID, DEPARTMENT_ID, MANAGER_ID, FIRST_NAME, LAST_NAME, EMAIL, PHONE_NUMBER, HIRE_DATE, SALARY, COMMISSION_PCT) VALUES(109, 'FI_ACCOUNT', 100, 108, 'Daniel', 'Faviet', 'DFAVIET', '515.124.4169', '1997-03-11', 9000.00, NULL);
INSERT INTO EMPLOYEES (EMPLOYEE_ID, JOB_ID, DEPARTMENT_ID, MANAGER_ID, FIRST_NAME, LAST_NAME, EMAIL, PHONE_NUMBER, HIRE_DATE, SALARY, COMMISSION_PCT) VALUES(110, 'FI_ACCOUNT', 100, 108, 'John', 'Chen', 'JCHEN', '515.124.4269', '1990-03-12', 8200.00, NULL);
INSERT INTO EMPLOYEES (EMPLOYEE_ID, JOB_ID, DEPARTMENT_ID, MANAGER_ID, FIRST_NAME, LAST_NAME, EMAIL, PHONE_NUMBER, HIRE_DATE, SALARY, COMMISSION_PCT) VALUES(111, 'FI_ACCOUNT', 100, 108, 'Ismael', 'Sciarra', 'ISCIARRA', '515.124.4369', '1996-05-11', 7700.00, NULL);
INSERT INTO EMPLOYEES (EMPLOYEE_ID, JOB_ID, DEPARTMENT_ID, MANAGER_ID, FIRST_NAME, LAST_NAME, EMAIL, PHONE_NUMBER, HIRE_DATE, SALARY, COMMISSION_PCT) VALUES(112, 'FI_ACCOUNT', 100, 108, 'Jose Manuel', 'Urman', 'JMURMAN', '515.124.4469', '1992-08-09', 7800.00, NULL);
INSERT INTO EMPLOYEES (EMPLOYEE_ID, JOB_ID, DEPARTMENT_ID, MANAGER_ID, FIRST_NAME, LAST_NAME, EMAIL, PHONE_NUMBER, HIRE_DATE, SALARY, COMMISSION_PCT) VALUES(113, 'FI_ACCOUNT', 100, 108, 'Luis', 'Popp', 'LPOPP', '515.124.4567', '1998-04-05', 6900.00, NULL);
INSERT INTO EMPLOYEES (EMPLOYEE_ID, JOB_ID, DEPARTMENT_ID, MANAGER_ID, FIRST_NAME, LAST_NAME, EMAIL, PHONE_NUMBER, HIRE_DATE, SALARY, COMMISSION_PCT) VALUES(114, 'PU_MAN', 30, 100, 'Den', 'Raphaely', 'DRAPHEAL', '515.127.4561', '1994-09-08', 11000.00, NULL);
INSERT INTO EMPLOYEES (EMPLOYEE_ID, JOB_ID, DEPARTMENT_ID, MANAGER_ID, FIRST_NAME, LAST_NAME, EMAIL, PHONE_NUMBER, HIRE_DATE, SALARY, COMMISSION_PCT) VALUES(115, 'PU_CLERK', 30, 114, 'Alexander', 'Khoo', 'AKHOO', '515.127.4562', '1990-03-07', 3100.00, NULL);
INSERT INTO EMPLOYEES (EMPLOYEE_ID, JOB_ID, DEPARTMENT_ID, MANAGER_ID, FIRST_NAME, LAST_NAME, EMAIL, PHONE_NUMBER, HIRE_DATE, SALARY, COMMISSION_PCT) VALUES(116, 'PU_CLERK', 30, 114, 'Shelli', 'Baida', 'SBAIDA', '515.127.4563', '1992-02-02', 2900.00, NULL);
INSERT INTO EMPLOYEES (EMPLOYEE_ID, JOB_ID, DEPARTMENT_ID, MANAGER_ID, FIRST_NAME, LAST_NAME, EMAIL, PHONE_NUMBER, HIRE_DATE, SALARY, COMMISSION_PCT) VALUES(117, 'PU_CLERK', 30, 114, 'Sigal', 'Tobias', 'STOBIAS', '515.127.4564', '1994-08-01', 2800.00, NULL);
INSERT INTO EMPLOYEES (EMPLOYEE_ID, JOB_ID, DEPARTMENT_ID, MANAGER_ID, FIRST_NAME, LAST_NAME, EMAIL, PHONE_NUMBER, HIRE_DATE, SALARY, COMMISSION_PCT) VALUES(118, 'PU_CLERK', 30, 114, 'Guy', 'Himuro', 'GHIMURO', '515.127.4565', '1990-02-06', 2600.00, NULL);
INSERT INTO EMPLOYEES (EMPLOYEE_ID, JOB_ID, DEPARTMENT_ID, MANAGER_ID, FIRST_NAME, LAST_NAME, EMAIL, PHONE_NUMBER, HIRE_DATE, SALARY, COMMISSION_PCT) VALUES(119, 'PU_CLERK', 30, 114, 'Karen', 'Colmenares', 'KCOLMENA', '515.127.4566', '1991-08-04', 2500.00, NULL);
INSERT INTO EMPLOYEES (EMPLOYEE_ID, JOB_ID, DEPARTMENT_ID, MANAGER_ID, FIRST_NAME, LAST_NAME, EMAIL, PHONE_NUMBER, HIRE_DATE, SALARY, COMMISSION_PCT) VALUES(120, 'ST_MAN', 50, 100, 'Matthew', 'Weiss', 'MWEISS', '650.123.1234', '1992-06-10', 8000.00, NULL);
INSERT INTO EMPLOYEES (EMPLOYEE_ID, JOB_ID, DEPARTMENT_ID, MANAGER_ID, FIRST_NAME, LAST_NAME, EMAIL, PHONE_NUMBER, HIRE_DATE, SALARY, COMMISSION_PCT) VALUES(121, 'ST_MAN', 50, 100, 'Adam', 'Fripp', 'AFRIPP', '650.123.2234', '1995-12-04', 8200.00, NULL);
INSERT INTO EMPLOYEES (EMPLOYEE_ID, JOB_ID, DEPARTMENT_ID, MANAGER_ID, FIRST_NAME, LAST_NAME, EMAIL, PHONE_NUMBER, HIRE_DATE, SALARY, COMMISSION_PCT) VALUES(122, 'ST_MAN', 50, 100, 'Payam', 'Kaufling', 'PKAUFLIN', '650.123.3234', '2000-02-10', 7900.00, NULL);
INSERT INTO EMPLOYEES (EMPLOYEE_ID, JOB_ID, DEPARTMENT_ID, MANAGER_ID, FIRST_NAME, LAST_NAME, EMAIL, PHONE_NUMBER, HIRE_DATE, SALARY, COMMISSION_PCT) VALUES(123, 'ST_MAN', 50, 100, 'Shanta', 'Vollman', 'SVOLLMAN', '650.123.4234', '2000-09-10', 6500.00, NULL);
INSERT INTO EMPLOYEES (EMPLOYEE_ID, JOB_ID, DEPARTMENT_ID, MANAGER_ID, FIRST_NAME, LAST_NAME, EMAIL, PHONE_NUMBER, HIRE_DATE, SALARY, COMMISSION_PCT) VALUES(124, 'ST_MAN', 50, 100, 'Kevin', 'Mourgos', 'KMOURGOS', '650.123.5234', '1998-06-08', 5800.00, NULL);
INSERT INTO EMPLOYEES (EMPLOYEE_ID, JOB_ID, DEPARTMENT_ID, MANAGER_ID, FIRST_NAME, LAST_NAME, EMAIL, PHONE_NUMBER, HIRE_DATE, SALARY, COMMISSION_PCT) VALUES(125, 'ST_CLERK', 50, 120, 'Julia', 'Nayer', 'JNAYER', '650.124.1214', '1991-05-04', 3200.00, NULL);
INSERT INTO EMPLOYEES (EMPLOYEE_ID, JOB_ID, DEPARTMENT_ID, MANAGER_ID, FIRST_NAME, LAST_NAME, EMAIL, PHONE_NUMBER, HIRE_DATE, SALARY, COMMISSION_PCT) VALUES(126, 'ST_CLERK', 50, 120, 'Irene', 'Mikkilineni', 'IMIKKILI', '650.124.1224', '1993-11-10', 2700.00, NULL);
INSERT INTO EMPLOYEES (EMPLOYEE_ID, JOB_ID, DEPARTMENT_ID, MANAGER_ID, FIRST_NAME, LAST_NAME, EMAIL, PHONE_NUMBER, HIRE_DATE, SALARY, COMMISSION_PCT) VALUES(127, 'ST_CLERK', 50, 120, 'James', 'Landry', 'JLANDRY', '650.124.1334', '1994-06-06', 2400.00, NULL);
INSERT INTO EMPLOYEES (EMPLOYEE_ID, JOB_ID, DEPARTMENT_ID, MANAGER_ID, FIRST_NAME, LAST_NAME, EMAIL, PHONE_NUMBER, HIRE_DATE, SALARY, COMMISSION_PCT) VALUES(128, 'ST_CLERK', 50, 120, 'Steven', 'Markle', 'SMARKLE', '650.124.1434', '1997-10-02', 2200.00, NULL);
INSERT INTO EMPLOYEES (EMPLOYEE_ID, JOB_ID, DEPARTMENT_ID, MANAGER_ID, FIRST_NAME, LAST_NAME, EMAIL, PHONE_NUMBER, HIRE_DATE, SALARY, COMMISSION_PCT) VALUES(129, 'ST_CLERK', 50, 121, 'Laura', 'Bissot', 'LBISSOT', '650.124.5234', '1996-10-08', 3300.00, NULL);
INSERT INTO EMPLOYEES (EMPLOYEE_ID, JOB_ID, DEPARTMENT_ID, MANAGER_ID, FIRST_NAME, LAST_NAME, EMAIL, PHONE_NUMBER, HIRE_DATE, SALARY, COMMISSION_PCT) VALUES(130, 'ST_CLERK', 50, 121, 'Mozhe', 'Atkinson', 'MATKINSO', '650.124.6234', '1995-10-01', 2800.00, NULL);
INSERT INTO EMPLOYEES (EMPLOYEE_ID, JOB_ID, DEPARTMENT_ID, MANAGER_ID, FIRST_NAME, LAST_NAME, EMAIL, PHONE_NUMBER, HIRE_DATE, SALARY, COMMISSION_PCT) VALUES(131, 'ST_CLERK', 50, 121, 'James', 'Marlow', 'JAMRLOW', '650.124.7234', '1993-06-09', 2500.00, NULL);
INSERT INTO EMPLOYEES (EMPLOYEE_ID, JOB_ID, DEPARTMENT_ID, MANAGER_ID, FIRST_NAME, LAST_NAME, EMAIL, PHONE_NUMBER, HIRE_DATE, SALARY, COMMISSION_PCT) VALUES(132, 'ST_CLERK', 50, 121, 'TJ', 'Olson', 'TJOLSON', '650.124.8234', '1993-03-10', 2100.00, NULL);
INSERT INTO EMPLOYEES (EMPLOYEE_ID, JOB_ID, DEPARTMENT_ID, MANAGER_ID, FIRST_NAME, LAST_NAME, EMAIL, PHONE_NUMBER, HIRE_DATE, SALARY, COMMISSION_PCT) VALUES(133, 'ST_CLERK', 50, 122, 'Jason', 'Mallin', 'JMALLIN', '650.127.1934', '1993-10-07', 3300.00, NULL);
INSERT INTO EMPLOYEES (EMPLOYEE_ID, JOB_ID, DEPARTMENT_ID, MANAGER_ID, FIRST_NAME, LAST_NAME, EMAIL, PHONE_NUMBER, HIRE_DATE, SALARY, COMMISSION_PCT) VALUES(134, 'ST_CLERK', 50, 122, 'Michael', 'Rogers', 'MROGERS', '650.127.1834', '1998-12-09', 2900.00, NULL);
INSERT INTO EMPLOYEES (EMPLOYEE_ID, JOB_ID, DEPARTMENT_ID, MANAGER_ID, FIRST_NAME, LAST_NAME, EMAIL, PHONE_NUMBER, HIRE_DATE, SALARY, COMMISSION_PCT) VALUES(135, 'ST_CLERK', 50, 122, 'Ki', 'Gee', 'KGEE', '650.127.1734', '1994-10-07', 2400.00, NULL);
INSERT INTO EMPLOYEES (EMPLOYEE_ID, JOB_ID, DEPARTMENT_ID, MANAGER_ID, FIRST_NAME, LAST_NAME, EMAIL, PHONE_NUMBER, HIRE_DATE, SALARY, COMMISSION_PCT) VALUES(136, 'ST_CLERK', 50, 122, 'Hazel', 'Philtanker', 'HPHILTAN', '650.127.1634', '1996-01-06', 2200.00, NULL);
INSERT INTO EMPLOYEES (EMPLOYEE_ID, JOB_ID, DEPARTMENT_ID, MANAGER_ID, FIRST_NAME, LAST_NAME, EMAIL, PHONE_NUMBER, HIRE_DATE, SALARY, COMMISSION_PCT) VALUES(137, 'ST_CLERK', 50, 123, 'Renske', 'Ladwig', 'RLADWIG', '650.121.1234', '1994-10-11', 3600.00, NULL);
INSERT INTO EMPLOYEES (EMPLOYEE_ID, JOB_ID, DEPARTMENT_ID, MANAGER_ID, FIRST_NAME, LAST_NAME, EMAIL, PHONE_NUMBER, HIRE_DATE, SALARY, COMMISSION_PCT) VALUES(138, 'ST_CLERK', 50, 123, 'Stephen', 'Stiles', 'SSTILES', '650.121.2034', '1995-04-09', 3200.00, NULL);
INSERT INTO EMPLOYEES (EMPLOYEE_ID, JOB_ID, DEPARTMENT_ID, MANAGER_ID, FIRST_NAME, LAST_NAME, EMAIL, PHONE_NUMBER, HIRE_DATE, SALARY, COMMISSION_PCT) VALUES(139, 'ST_CLERK', 50, 123, 'John', 'Seo', 'JSEO', '650.121.2019', '1995-07-08', 2700.00, NULL);
INSERT INTO EMPLOYEES (EMPLOYEE_ID, JOB_ID, DEPARTMENT_ID, MANAGER_ID, FIRST_NAME, LAST_NAME, EMAIL, PHONE_NUMBER, HIRE_DATE, SALARY, COMMISSION_PCT) VALUES(140, 'ST_CLERK', 50, 123, 'Joshua', 'Patel', 'JPATEL', '650.121.1834', '2000-03-11', 2500.00, NULL);
INSERT INTO EMPLOYEES (EMPLOYEE_ID, JOB_ID, DEPARTMENT_ID, MANAGER_ID, FIRST_NAME, LAST_NAME, EMAIL, PHONE_NUMBER, HIRE_DATE, SALARY, COMMISSION_PCT) VALUES(141, 'ST_CLERK', 50, 124, 'Trenna', 'Rajs', 'TRAJS', '650.121.8009', '1996-06-05', 3500.00, NULL);
INSERT INTO EMPLOYEES (EMPLOYEE_ID, JOB_ID, DEPARTMENT_ID, MANAGER_ID, FIRST_NAME, LAST_NAME, EMAIL, PHONE_NUMBER, HIRE_DATE, SALARY, COMMISSION_PCT) VALUES(142, 'ST_CLERK', 50, 124, 'Curtis', 'Davies', 'CDAVIES', '650.121.2994', '2001-09-05', 3100.00, NULL);
INSERT INTO EMPLOYEES (EMPLOYEE_ID, JOB_ID, DEPARTMENT_ID, MANAGER_ID, FIRST_NAME, LAST_NAME, EMAIL, PHONE_NUMBER, HIRE_DATE, SALARY, COMMISSION_PCT) VALUES(143, 'ST_CLERK', 50, 124, 'Randall', 'Matos', 'RMATOS', '650.121.2874', '1995-08-01', 2600.00, NULL);
INSERT INTO EMPLOYEES (EMPLOYEE_ID, JOB_ID, DEPARTMENT_ID, MANAGER_ID, FIRST_NAME, LAST_NAME, EMAIL, PHONE_NUMBER, HIRE_DATE, SALARY, COMMISSION_PCT) VALUES(144, 'ST_CLERK', 50, 124, 'Peter', 'Vargas', 'PVARGAS', '650.121.2004', '1991-07-04', 2500.00, NULL);
INSERT INTO EMPLOYEES (EMPLOYEE_ID, JOB_ID, DEPARTMENT_ID, MANAGER_ID, FIRST_NAME, LAST_NAME, EMAIL, PHONE_NUMBER, HIRE_DATE, SALARY, COMMISSION_PCT) VALUES(145, 'SA_MAN', 80, 100, 'John', 'Russell', 'JRUSSEL', '011.44.1344.429268', '1999-08-07', 14000.00, 0.40);
INSERT INTO EMPLOYEES (EMPLOYEE_ID, JOB_ID, DEPARTMENT_ID, MANAGER_ID, FIRST_NAME, LAST_NAME, EMAIL, PHONE_NUMBER, HIRE_DATE, SALARY, COMMISSION_PCT) VALUES(146, 'SA_MAN', 80, 100, 'Karen', 'Partners', 'KPARTNER', '011.44.1344.467268', '1994-06-08', 13500.00, 0.30);
INSERT INTO EMPLOYEES (EMPLOYEE_ID, JOB_ID, DEPARTMENT_ID, MANAGER_ID, FIRST_NAME, LAST_NAME, EMAIL, PHONE_NUMBER, HIRE_DATE, SALARY, COMMISSION_PCT) VALUES(147, 'SA_MAN', 80, 100, 'Alberto', 'Errazuriz', 'AERRAZUR', '011.44.1344.429278', '2001-05-10', 12000.00, 0.30);
INSERT INTO EMPLOYEES (EMPLOYEE_ID, JOB_ID, DEPARTMENT_ID, MANAGER_ID, FIRST_NAME, LAST_NAME, EMAIL, PHONE_NUMBER, HIRE_DATE, SALARY, COMMISSION_PCT) VALUES(148, 'SA_MAN', 80, 100, 'Gerald', 'Cambrault', 'GCAMBRAU', '011.44.1344.619268', '1997-01-08', 11000.00, 0.30);
INSERT INTO EMPLOYEES (EMPLOYEE_ID, JOB_ID, DEPARTMENT_ID, MANAGER_ID, FIRST_NAME, LAST_NAME, EMAIL, PHONE_NUMBER, HIRE_DATE, SALARY, COMMISSION_PCT) VALUES(149, 'SA_MAN', 80, 100, 'Eleni', 'Zlotkey', 'EZLOTKEY', '011.44.1344.429018', '1997-02-03', 10500.00, 0.20);
INSERT INTO EMPLOYEES (EMPLOYEE_ID, JOB_ID, DEPARTMENT_ID, MANAGER_ID, FIRST_NAME, LAST_NAME, EMAIL, PHONE_NUMBER, HIRE_DATE, SALARY, COMMISSION_PCT) VALUES(150, 'SA_REP', 80, 145, 'Peter', 'Tucker', 'PTUCKER', '011.44.1344.129268', '1994-05-02', 10000.00, 0.30);
INSERT INTO EMPLOYEES (EMPLOYEE_ID, JOB_ID, DEPARTMENT_ID, MANAGER_ID, FIRST_NAME, LAST_NAME, EMAIL, PHONE_NUMBER, HIRE_DATE, SALARY, COMMISSION_PCT) VALUES(151, 'SA_REP', 80, 145, 'David', 'Bernstein', 'DBERNSTE', '011.44.1344.345268', '2001-07-07', 9500.00, 0.25);
INSERT INTO EMPLOYEES (EMPLOYEE_ID, JOB_ID, DEPARTMENT_ID, MANAGER_ID, FIRST_NAME, LAST_NAME, EMAIL, PHONE_NUMBER, HIRE_DATE, SALARY, COMMISSION_PCT) VALUES(152, 'SA_REP', 80, 145, 'Peter', 'Hall', 'PHALL', '011.44.1344.478968', '1993-11-03', 9000.00, 0.25);
INSERT INTO EMPLOYEES (EMPLOYEE_ID, JOB_ID, DEPARTMENT_ID, MANAGER_ID, FIRST_NAME, LAST_NAME, EMAIL, PHONE_NUMBER, HIRE_DATE, SALARY, COMMISSION_PCT) VALUES(153, 'SA_REP', 80, 145, 'Christopher', 'Olsen', 'COLSEN', '011.44.1344.498718', '1997-08-03', 8000.00, 0.20);
INSERT INTO EMPLOYEES (EMPLOYEE_ID, JOB_ID, DEPARTMENT_ID, MANAGER_ID, FIRST_NAME, LAST_NAME, EMAIL, PHONE_NUMBER, HIRE_DATE, SALARY, COMMISSION_PCT) VALUES(154, 'SA_REP', 80, 145, 'Nanette', 'Cambrault', 'NCAMBRAU', '011.44.1344.987668', '1992-12-12', 7500.00, 0.20);
INSERT INTO EMPLOYEES (EMPLOYEE_ID, JOB_ID, DEPARTMENT_ID, MANAGER_ID, FIRST_NAME, LAST_NAME, EMAIL, PHONE_NUMBER, HIRE_DATE, SALARY, COMMISSION_PCT) VALUES(155, 'SA_REP', 80, 145, 'Oliver', 'Tuvault', 'OTUVAULT', '011.44.1344.486508', '1994-08-10', 7000.00, 0.15);
INSERT INTO EMPLOYEES (EMPLOYEE_ID, JOB_ID, DEPARTMENT_ID, MANAGER_ID, FIRST_NAME, LAST_NAME, EMAIL, PHONE_NUMBER, HIRE_DATE, SALARY, COMMISSION_PCT) VALUES(156, 'SA_REP', 80, 146, 'Janette', 'King', 'JKING', '011.44.1345.429268', '2001-06-12', 10000.00, 0.35);
INSERT INTO EMPLOYEES (EMPLOYEE_ID, JOB_ID, DEPARTMENT_ID, MANAGER_ID, FIRST_NAME, LAST_NAME, EMAIL, PHONE_NUMBER, HIRE_DATE, SALARY, COMMISSION_PCT) VALUES(157, 'SA_REP', 80, 146, 'Patrick', 'Sully', 'PSULLY', '011.44.1345.929268', '1997-03-01', 9500.00, 0.35);
INSERT INTO EMPLOYEES (EMPLOYEE_ID, JOB_ID, DEPARTMENT_ID, MANAGER_ID, FIRST_NAME, LAST_NAME, EMAIL, PHONE_NUMBER, HIRE_DATE, SALARY, COMMISSION_PCT) VALUES(158, 'SA_REP', 80, 146, 'Allan', 'McEwen', 'AMCEWEN', '011.44.1345.829268', '1992-05-07', 9000.00, 0.35);
INSERT INTO EMPLOYEES (EMPLOYEE_ID, JOB_ID, DEPARTMENT_ID, MANAGER_ID, FIRST_NAME, LAST_NAME, EMAIL, PHONE_NUMBER, HIRE_DATE, SALARY, COMMISSION_PCT) VALUES(159, 'SA_REP', 80, 146, 'Lindsey', 'Smith', 'LSMITH', '011.44.1345.729268', '1997-05-06', 8000.00, 0.30);
INSERT INTO EMPLOYEES (EMPLOYEE_ID, JOB_ID, DEPARTMENT_ID, MANAGER_ID, FIRST_NAME, LAST_NAME, EMAIL, PHONE_NUMBER, HIRE_DATE, SALARY, COMMISSION_PCT) VALUES(160, 'SA_REP', 80, 146, 'Louise', 'Doran', 'LDORAN', '011.44.1345.629268', '1996-12-04', 7500.00, 0.30);
INSERT INTO EMPLOYEES (EMPLOYEE_ID, JOB_ID, DEPARTMENT_ID, MANAGER_ID, FIRST_NAME, LAST_NAME, EMAIL, PHONE_NUMBER, HIRE_DATE, SALARY, COMMISSION_PCT) VALUES(161, 'SA_REP', 80, 146, 'Sarath', 'Sewall', 'SSEWALL', '011.44.1345.529268', '1992-03-08', 7000.00, 0.25);
INSERT INTO EMPLOYEES (EMPLOYEE_ID, JOB_ID, DEPARTMENT_ID, MANAGER_ID, FIRST_NAME, LAST_NAME, EMAIL, PHONE_NUMBER, HIRE_DATE, SALARY, COMMISSION_PCT) VALUES(162, 'SA_REP', 80, 147, 'Clara', 'Vishney', 'CVISHNEY', '011.44.1346.129268', '2000-11-02', 10500.00, 0.25);
INSERT INTO EMPLOYEES (EMPLOYEE_ID, JOB_ID, DEPARTMENT_ID, MANAGER_ID, FIRST_NAME, LAST_NAME, EMAIL, PHONE_NUMBER, HIRE_DATE, SALARY, COMMISSION_PCT) VALUES(163, 'SA_REP', 80, 147, 'Danielle', 'Greene', 'DGREENE', '011.44.1346.229268', '1999-05-05', 9500.00, 0.15);
INSERT INTO EMPLOYEES (EMPLOYEE_ID, JOB_ID, DEPARTMENT_ID, MANAGER_ID, FIRST_NAME, LAST_NAME, EMAIL, PHONE_NUMBER, HIRE_DATE, SALARY, COMMISSION_PCT) VALUES(164, 'SA_REP', 80, 147, 'Mattea', 'Marvins', 'MMARVINS', '011.44.1346.329268', '1997-05-05', 7200.00, 0.10);
INSERT INTO EMPLOYEES (EMPLOYEE_ID, JOB_ID, DEPARTMENT_ID, MANAGER_ID, FIRST_NAME, LAST_NAME, EMAIL, PHONE_NUMBER, HIRE_DATE, SALARY, COMMISSION_PCT) VALUES(165, 'SA_REP', 80, 147, 'David', 'Lee', 'DLEE', '011.44.1346.529268', '1995-05-04', 6800.00, 0.10);
INSERT INTO EMPLOYEES (EMPLOYEE_ID, JOB_ID, DEPARTMENT_ID, MANAGER_ID, FIRST_NAME, LAST_NAME, EMAIL, PHONE_NUMBER, HIRE_DATE, SALARY, COMMISSION_PCT) VALUES(166, 'SA_REP', 80, 147, 'Sundar', 'Ande', 'SANDE', '011.44.1346.629268', '1992-03-05', 6400.00, 0.10);
INSERT INTO EMPLOYEES (EMPLOYEE_ID, JOB_ID, DEPARTMENT_ID, MANAGER_ID, FIRST_NAME, LAST_NAME, EMAIL, PHONE_NUMBER, HIRE_DATE, SALARY, COMMISSION_PCT) VALUES(167, 'SA_REP', 80, 147, 'Amit', 'Banda', 'ABANDA', '011.44.1346.729268', '1990-02-10', 6200.00, 0.10);
INSERT INTO EMPLOYEES (EMPLOYEE_ID, JOB_ID, DEPARTMENT_ID, MANAGER_ID, FIRST_NAME, LAST_NAME, EMAIL, PHONE_NUMBER, HIRE_DATE, SALARY, COMMISSION_PCT) VALUES(168, 'SA_REP', 80, 148, 'Lisa', 'Ozer', 'LOZER', '011.44.1343.929268', '1992-10-03', 11500.00, 0.25);
INSERT INTO EMPLOYEES (EMPLOYEE_ID, JOB_ID, DEPARTMENT_ID, MANAGER_ID, FIRST_NAME, LAST_NAME, EMAIL, PHONE_NUMBER, HIRE_DATE, SALARY, COMMISSION_PCT) VALUES(169, 'SA_REP', 80, 148, 'Harrison', 'Bloom', 'HBLOOM', '011.44.1343.829268', '1993-05-12', 10000.00, 0.20);
INSERT INTO EMPLOYEES (EMPLOYEE_ID, JOB_ID, DEPARTMENT_ID, MANAGER_ID, FIRST_NAME, LAST_NAME, EMAIL, PHONE_NUMBER, HIRE_DATE, SALARY, COMMISSION_PCT) VALUES(170, 'SA_REP', 80, 148, 'Tayler', 'Fox', 'TFOX', '011.44.1343.729268', '1991-04-08', 9600.00, 0.20);
INSERT INTO EMPLOYEES (EMPLOYEE_ID, JOB_ID, DEPARTMENT_ID, MANAGER_ID, FIRST_NAME, LAST_NAME, EMAIL, PHONE_NUMBER, HIRE_DATE, SALARY, COMMISSION_PCT) VALUES(171, 'SA_REP', 80, 148, 'William', 'Smith', 'WSMITH', '011.44.1343.629268', '1992-06-01', 7400.00, 0.15);
INSERT INTO EMPLOYEES (EMPLOYEE_ID, JOB_ID, DEPARTMENT_ID, MANAGER_ID, FIRST_NAME, LAST_NAME, EMAIL, PHONE_NUMBER, HIRE_DATE, SALARY, COMMISSION_PCT) VALUES(172, 'SA_REP', 80, 148, 'Elizabeth', 'Bates', 'EBATES', '011.44.1343.529268', '1996-05-06', 7300.00, 0.15);
INSERT INTO EMPLOYEES (EMPLOYEE_ID, JOB_ID, DEPARTMENT_ID, MANAGER_ID, FIRST_NAME, LAST_NAME, EMAIL, PHONE_NUMBER, HIRE_DATE, SALARY, COMMISSION_PCT) VALUES(173, 'SA_REP', 80, 148, 'Sundita', 'Kumar', 'SKUMAR', '011.44.1343.329268', '1996-03-04', 6100.00, 0.10);
INSERT INTO EMPLOYEES (EMPLOYEE_ID, JOB_ID, DEPARTMENT_ID, MANAGER_ID, FIRST_NAME, LAST_NAME, EMAIL, PHONE_NUMBER, HIRE_DATE, SALARY, COMMISSION_PCT) VALUES(174, 'SA_REP', 80, 149, 'Ellen', 'Abel', 'EABEL', '011.44.1644.429267', '1994-01-09', 11000.00, 0.30);
INSERT INTO EMPLOYEES (EMPLOYEE_ID, JOB_ID, DEPARTMENT_ID, MANAGER_ID, FIRST_NAME, LAST_NAME, EMAIL, PHONE_NUMBER, HIRE_DATE, SALARY, COMMISSION_PCT) VALUES(175, 'SA_REP', 80, 149, 'Alyssa', 'Hutton', 'AHUTTON', '011.44.1644.429266', '2000-05-09', 8800.00, 0.25);
INSERT INTO EMPLOYEES (EMPLOYEE_ID, JOB_ID, DEPARTMENT_ID, MANAGER_ID, FIRST_NAME, LAST_NAME, EMAIL, PHONE_NUMBER, HIRE_DATE, SALARY, COMMISSION_PCT) VALUES(176, 'SA_REP', 80, 149, 'Jonathon', 'Taylor', 'JTAYLOR', '011.44.1644.429265', '1998-06-08', 8600.00, 0.20);
INSERT INTO EMPLOYEES (EMPLOYEE_ID, JOB_ID, DEPARTMENT_ID, MANAGER_ID, FIRST_NAME, LAST_NAME, EMAIL, PHONE_NUMBER, HIRE_DATE, SALARY, COMMISSION_PCT) VALUES(177, 'SA_REP', 80, 149, 'Jack', 'Livingston', 'JLIVINGS', '011.44.1644.429264', '1990-12-11', 8400.00, 0.20);
INSERT INTO EMPLOYEES (EMPLOYEE_ID, JOB_ID, DEPARTMENT_ID, MANAGER_ID, FIRST_NAME, LAST_NAME, EMAIL, PHONE_NUMBER, HIRE_DATE, SALARY, COMMISSION_PCT) VALUES(178, 'SA_REP', NULL, 149, 'Kimberely', 'Grant', 'KGRANT', '011.44.1644.429263', '1991-08-07', 7000.00, 0.15);
INSERT INTO EMPLOYEES (EMPLOYEE_ID, JOB_ID, DEPARTMENT_ID, MANAGER_ID, FIRST_NAME, LAST_NAME, EMAIL, PHONE_NUMBER, HIRE_DATE, SALARY, COMMISSION_PCT) VALUES(179, 'SA_REP', 80, 149, 'Charles', 'Johnson', 'CJOHNSON', '011.44.1644.429262', '1990-05-05', 6200.00, 0.10);
INSERT INTO EMPLOYEES (EMPLOYEE_ID, JOB_ID, DEPARTMENT_ID, MANAGER_ID, FIRST_NAME, LAST_NAME, EMAIL, PHONE_NUMBER, HIRE_DATE, SALARY, COMMISSION_PCT) VALUES(180, 'SH_CLERK', 50, 120, 'Winston', 'Taylor', 'WTAYLOR', '650.507.9876', '1994-01-02', 3200.00, NULL);
INSERT INTO EMPLOYEES (EMPLOYEE_ID, JOB_ID, DEPARTMENT_ID, MANAGER_ID, FIRST_NAME, LAST_NAME, EMAIL, PHONE_NUMBER, HIRE_DATE, SALARY, COMMISSION_PCT) VALUES(181, 'SH_CLERK', 50, 120, 'Jean', 'Fleaur', 'JFLEAUR', '650.507.9877', '1996-03-06', 3100.00, NULL);
INSERT INTO EMPLOYEES (EMPLOYEE_ID, JOB_ID, DEPARTMENT_ID, MANAGER_ID, FIRST_NAME, LAST_NAME, EMAIL, PHONE_NUMBER, HIRE_DATE, SALARY, COMMISSION_PCT) VALUES(182, 'SH_CLERK', 50, 120, 'Martha', 'Sullivan', 'MSULLIVA', '650.507.9878', '1998-11-08', 2500.00, NULL);
INSERT INTO EMPLOYEES (EMPLOYEE_ID, JOB_ID, DEPARTMENT_ID, MANAGER_ID, FIRST_NAME, LAST_NAME, EMAIL, PHONE_NUMBER, HIRE_DATE, SALARY, COMMISSION_PCT) VALUES(183, 'SH_CLERK', 50, 120, 'Girard', 'Geoni', 'GGEONI', '650.507.9879', '1995-05-01', 2800.00, NULL);
INSERT INTO EMPLOYEES (EMPLOYEE_ID, JOB_ID, DEPARTMENT_ID, MANAGER_ID, FIRST_NAME, LAST_NAME, EMAIL, PHONE_NUMBER, HIRE_DATE, SALARY, COMMISSION_PCT) VALUES(184, 'SH_CLERK', 50, 121, 'Nandita', 'Sarchand', 'NSARCHAN', '650.509.1876', '1991-11-02', 4200.00, NULL);
INSERT INTO EMPLOYEES (EMPLOYEE_ID, JOB_ID, DEPARTMENT_ID, MANAGER_ID, FIRST_NAME, LAST_NAME, EMAIL, PHONE_NUMBER, HIRE_DATE, SALARY, COMMISSION_PCT) VALUES(185, 'SH_CLERK', 50, 121, 'Alexis', 'Bull', 'ABULL', '650.509.2876', '1992-03-02', 4100.00, NULL);
INSERT INTO EMPLOYEES (EMPLOYEE_ID, JOB_ID, DEPARTMENT_ID, MANAGER_ID, FIRST_NAME, LAST_NAME, EMAIL, PHONE_NUMBER, HIRE_DATE, SALARY, COMMISSION_PCT) VALUES(186, 'SH_CLERK', 50, 121, 'Julia', 'Dellinger', 'JDELLING', '650.509.3876', '1995-02-03', 3400.00, NULL);
INSERT INTO EMPLOYEES (EMPLOYEE_ID, JOB_ID, DEPARTMENT_ID, MANAGER_ID, FIRST_NAME, LAST_NAME, EMAIL, PHONE_NUMBER, HIRE_DATE, SALARY, COMMISSION_PCT) VALUES(187, 'SH_CLERK', 50, 121, 'Anthony', 'Cabrio', 'ACABRIO', '650.509.4876', '2000-03-03', 3000.00, NULL);
INSERT INTO EMPLOYEES (EMPLOYEE_ID, JOB_ID, DEPARTMENT_ID, MANAGER_ID, FIRST_NAME, LAST_NAME, EMAIL, PHONE_NUMBER, HIRE_DATE, SALARY, COMMISSION_PCT) VALUES(188, 'SH_CLERK', 50, 122, 'Kelly', 'Chung', 'KCHUNG', '650.505.1876', '1997-04-11', 3800.00, NULL);
INSERT INTO EMPLOYEES (EMPLOYEE_ID, JOB_ID, DEPARTMENT_ID, MANAGER_ID, FIRST_NAME, LAST_NAME, EMAIL, PHONE_NUMBER, HIRE_DATE, SALARY, COMMISSION_PCT) VALUES(189, 'SH_CLERK', 50, 122, 'Jennifer', 'Dilly', 'JDILLY', '650.505.2876', '1998-02-07', 3600.00, NULL);
INSERT INTO EMPLOYEES (EMPLOYEE_ID, JOB_ID, DEPARTMENT_ID, MANAGER_ID, FIRST_NAME, LAST_NAME, EMAIL, PHONE_NUMBER, HIRE_DATE, SALARY, COMMISSION_PCT) VALUES(190, 'SH_CLERK', 50, 122, 'Timothy', 'Gates', 'TGATES', '650.505.3876', '2001-09-12', 2900.00, NULL);
INSERT INTO EMPLOYEES (EMPLOYEE_ID, JOB_ID, DEPARTMENT_ID, MANAGER_ID, FIRST_NAME, LAST_NAME, EMAIL, PHONE_NUMBER, HIRE_DATE, SALARY, COMMISSION_PCT) VALUES(191, 'SH_CLERK', 50, 122, 'Randall', 'Perkins', 'RPERKINS', '650.505.4876', '1993-01-04', 2500.00, NULL);
INSERT INTO EMPLOYEES (EMPLOYEE_ID, JOB_ID, DEPARTMENT_ID, MANAGER_ID, FIRST_NAME, LAST_NAME, EMAIL, PHONE_NUMBER, HIRE_DATE, SALARY, COMMISSION_PCT) VALUES(192, 'SH_CLERK', 50, 123, 'Sarah', 'Bell', 'SBELL', '650.501.1876', '1991-07-09', 4000.00, NULL);
INSERT INTO EMPLOYEES (EMPLOYEE_ID, JOB_ID, DEPARTMENT_ID, MANAGER_ID, FIRST_NAME, LAST_NAME, EMAIL, PHONE_NUMBER, HIRE_DATE, SALARY, COMMISSION_PCT) VALUES(193, 'SH_CLERK', 50, 123, 'Britney', 'Everett', 'BEVERETT', '650.501.2876', '2000-02-06', 3900.00, NULL);
INSERT INTO EMPLOYEES (EMPLOYEE_ID, JOB_ID, DEPARTMENT_ID, MANAGER_ID, FIRST_NAME, LAST_NAME, EMAIL, PHONE_NUMBER, HIRE_DATE, SALARY, COMMISSION_PCT) VALUES(194, 'SH_CLERK', 50, 123, 'Samuel', 'McCain', 'SMCCAIN', '650.501.3876', '1994-03-10', 3200.00, NULL);
INSERT INTO EMPLOYEES (EMPLOYEE_ID, JOB_ID, DEPARTMENT_ID, MANAGER_ID, FIRST_NAME, LAST_NAME, EMAIL, PHONE_NUMBER, HIRE_DATE, SALARY, COMMISSION_PCT) VALUES(195, 'SH_CLERK', 50, 123, 'Vance', 'Jones', 'VJONES', '650.501.4876', '1995-08-12', 2800.00, NULL);
INSERT INTO EMPLOYEES (EMPLOYEE_ID, JOB_ID, DEPARTMENT_ID, MANAGER_ID, FIRST_NAME, LAST_NAME, EMAIL, PHONE_NUMBER, HIRE_DATE, SALARY, COMMISSION_PCT) VALUES(196, 'SH_CLERK', 50, 124, 'Alana', 'Walsh', 'AWALSH', '650.507.9811', '1999-08-11', 3100.00, NULL);
INSERT INTO EMPLOYEES (EMPLOYEE_ID, JOB_ID, DEPARTMENT_ID, MANAGER_ID, FIRST_NAME, LAST_NAME, EMAIL, PHONE_NUMBER, HIRE_DATE, SALARY, COMMISSION_PCT) VALUES(197, 'SH_CLERK', 50, 124, 'Kevin', 'Feeney', 'KFEENEY', '650.507.9822', '2000-02-11', 3000.00, NULL);
INSERT INTO EMPLOYEES (EMPLOYEE_ID, JOB_ID, DEPARTMENT_ID, MANAGER_ID, FIRST_NAME, LAST_NAME, EMAIL, PHONE_NUMBER, HIRE_DATE, SALARY, COMMISSION_PCT) VALUES(198, 'SH_CLERK', 50, 124, 'Donald', 'OConnell', 'DOCONNEL', '650.507.9833', '2001-02-02', 2600.00, NULL);
INSERT INTO EMPLOYEES (EMPLOYEE_ID, JOB_ID, DEPARTMENT_ID, MANAGER_ID, FIRST_NAME, LAST_NAME, EMAIL, PHONE_NUMBER, HIRE_DATE, SALARY, COMMISSION_PCT) VALUES(199, 'SH_CLERK', 50, 124, 'Douglas', 'Grant', 'DGRANT', '650.507.9844', '1992-09-08', 2600.00, NULL);
INSERT INTO EMPLOYEES (EMPLOYEE_ID, JOB_ID, DEPARTMENT_ID, MANAGER_ID, FIRST_NAME, LAST_NAME, EMAIL, PHONE_NUMBER, HIRE_DATE, SALARY, COMMISSION_PCT) VALUES(200, 'AD_ASST', 10, 101, 'Jennifer', 'Whalen', 'JWHALEN', '515.123.4444', '1991-06-03', 4400.00, NULL);
INSERT INTO EMPLOYEES (EMPLOYEE_ID, JOB_ID, DEPARTMENT_ID, MANAGER_ID, FIRST_NAME, LAST_NAME, EMAIL, PHONE_NUMBER, HIRE_DATE, SALARY, COMMISSION_PCT) VALUES(201, 'MK_MAN', 20, 100, 'Michael', 'Hartstein', 'MHARTSTE', '515.123.5555', '1991-12-08', 13000.00, NULL);
INSERT INTO EMPLOYEES (EMPLOYEE_ID, JOB_ID, DEPARTMENT_ID, MANAGER_ID, FIRST_NAME, LAST_NAME, EMAIL, PHONE_NUMBER, HIRE_DATE, SALARY, COMMISSION_PCT) VALUES(202, 'MK_REP', 20, 201, 'Pat', 'Fay', 'PFAY', '603.123.6666', '1991-12-10', 6000.00, NULL);
INSERT INTO EMPLOYEES (EMPLOYEE_ID, JOB_ID, DEPARTMENT_ID, MANAGER_ID, FIRST_NAME, LAST_NAME, EMAIL, PHONE_NUMBER, HIRE_DATE, SALARY, COMMISSION_PCT) VALUES(203, 'HR_REP', 40, 101, 'Susan', 'Mavris', 'SMAVRIS', '515.123.7777', '1994-11-03', 6500.00, NULL);
INSERT INTO EMPLOYEES (EMPLOYEE_ID, JOB_ID, DEPARTMENT_ID, MANAGER_ID, FIRST_NAME, LAST_NAME, EMAIL, PHONE_NUMBER, HIRE_DATE, SALARY, COMMISSION_PCT) VALUES(204, 'PR_REP', 70, 101, 'Hermann', 'Baer', 'HBAER', '515.123.8888', '1991-09-08', 10000.00, NULL);
INSERT INTO EMPLOYEES (EMPLOYEE_ID, JOB_ID, DEPARTMENT_ID, MANAGER_ID, FIRST_NAME, LAST_NAME, EMAIL, PHONE_NUMBER, HIRE_DATE, SALARY, COMMISSION_PCT) VALUES(205, 'AC_MGR', 110, 101, 'Shelley', 'Higgins', 'SHIGGINS', '515.123.8080', '1999-01-03', 12000.00, NULL);
INSERT INTO EMPLOYEES (EMPLOYEE_ID, JOB_ID, DEPARTMENT_ID, MANAGER_ID, FIRST_NAME, LAST_NAME, EMAIL, PHONE_NUMBER, HIRE_DATE, SALARY, COMMISSION_PCT) VALUES(206, 'AC_ACCOUNT', 110, 205, 'William', 'Gietz', 'WGIETZ', '515.123.8181', '1992-01-11', 8300.00, NULL);

Insert into JOB_HISTORY (EMPLOYEE_ID, START_DATE, END_DATE, JOB_ID, DEPARTMENT_ID) Values (102, '1993/01/13','1998/07/24','IT_PROG', 60);
Insert into JOB_HISTORY (EMPLOYEE_ID, START_DATE, END_DATE, JOB_ID, DEPARTMENT_ID) Values (101, '1989/09/21','1993/10/27','AC_ACCOUNT', 110);
Insert into JOB_HISTORY (EMPLOYEE_ID, START_DATE, END_DATE, JOB_ID, DEPARTMENT_ID) Values (101, '1993/10/28','1997/03/15','AC_MGR', 110);
Insert into JOB_HISTORY (EMPLOYEE_ID, START_DATE, END_DATE, JOB_ID, DEPARTMENT_ID) Values (201, '1996/02/17','1999/12/19','MK_REP', 20);
Insert into JOB_HISTORY (EMPLOYEE_ID, START_DATE, END_DATE, JOB_ID, DEPARTMENT_ID) Values (114, '1998/03/24','1999/12/31','ST_CLERK', 50);
Insert into JOB_HISTORY (EMPLOYEE_ID, START_DATE, END_DATE, JOB_ID, DEPARTMENT_ID) Values (122, '1999/01/01','1999/12/31','ST_CLERK', 50);
Insert into JOB_HISTORY (EMPLOYEE_ID, START_DATE, END_DATE, JOB_ID, DEPARTMENT_ID) Values (200, '1987/09/17','1993/06/17','AD_ASST', 90);
Insert into JOB_HISTORY (EMPLOYEE_ID, START_DATE, END_DATE, JOB_ID, DEPARTMENT_ID) Values (176, '1998/03/24','1998/12/31','SA_REP', 80);
Insert into JOB_HISTORY (EMPLOYEE_ID, START_DATE, END_DATE, JOB_ID, DEPARTMENT_ID) Values (176, '1999/01/01','1999/12/31','SA_MAN', 80);
Insert into JOB_HISTORY (EMPLOYEE_ID, START_DATE, END_DATE, JOB_ID, DEPARTMENT_ID) Values (200, '1994/07/01','1998/12/31','AC_ACCOUNT', 90);

alter table COUNTRIES add constraint FK_COUNTRIES_REGIONS foreign key (REGION_ID)
      references REGIONS (REGION_ID) on delete restrict on update restrict;

alter table DEPARTMENTS add constraint FK_DEPARTMENTS_EMPLOYEES foreign key (MANAGER_ID)
      references EMPLOYEES (EMPLOYEE_ID) on delete restrict on update restrict;

alter table DEPARTMENTS add constraint FK_DEPARTMENTS_LOCATIONS foreign key (LOCATION_ID)
      references LOCATIONS (LOCATION_ID) on delete restrict on update restrict;

alter table EMPLOYEES add constraint FK_EMPLOYEES_DEPARTMENTS foreign key (DEPARTMENT_ID)
      references DEPARTMENTS (DEPARTMENT_ID) on delete restrict on update restrict;

alter table EMPLOYEES add constraint FK_EMPLOYEES_EMPLOYEES foreign key (MANAGER_ID)
      references EMPLOYEES (EMPLOYEE_ID) on delete restrict on update restrict;

alter table EMPLOYEES add constraint FK_EMPLOYEES_JOBS foreign key (JOB_ID)
      references JOBS (JOB_ID) on delete restrict on update restrict;

alter table JOB_HISTORY add constraint FK_JOB_HISTORY_DEPARTMENTS foreign key (DEPARTMENT_ID)
      references DEPARTMENTS (DEPARTMENT_ID) on delete restrict on update restrict;

alter table JOB_HISTORY add constraint FK_JOB_HISTORY_EMPLOYEES foreign key (EMPLOYEE_ID)
      references EMPLOYEES (EMPLOYEE_ID) on delete restrict on update restrict;

alter table JOB_HISTORY add constraint FK_JOB_HISTORY_JOBS foreign key (JOB_ID)
      references JOBS (JOB_ID) on delete restrict on update restrict;

alter table LOCATIONS add constraint FK_LOCATIONS_COUNTRIES foreign key (COUNTRY_ID)
      references COUNTRIES (COUNTRY_ID) on delete restrict on update restrict;